ID;CHI_TIEU_ID;MA_BAO_CAO;THUOC_TINH_1;THUOC_TINH_9;THUOC_TINH_10;THUOC_TINH_20;THUOC_TINH_3;THUOC_TINH_25;THUOC_TINH_24;THUOC_TINH_23;THUOC_TINH_26;THUOC_TINH_16;THUOC_TINH_17;THUOC_TINH_19;THUOC_TINH_8;THUOC_TINH_15
3200;3081;TCKT_BC_63;N-C;^008;;<DN;;;10;341;0101;;;;;COT_2
3201;3082;TCKT_BC_63;N-C;^008;;<DN;;;10;341;0102;;;;;COT_2
3202;3083;TCKT_BC_63;N-C;^008;;<DN;;;10;341;0102;^6105;;;;COT_2
3203;3084;TCKT_BC_63;N-C;^008;;<DN;;;10;341;0102;^6253;;;;COT_2
3204;3085;TCKT_BC_63;N-C;^008;;<DN;;;10;341;0102;^6503;;;;COT_2
3205;3086;TCKT_BC_63;N-C;^008;;<DN;;;10;341;0102;^7757;;;;COT_2
3206;3087;TCKT_BC_63;N-C;^008;;<DN;;;10;341;0102;^7001;;;;COT_2
3207;3088;TCKT_BC_63;N-C;^008;;<DN;;;10;341;0102;^6503|^6701|^6702|^6703|^6704|^7008;;;;COT_2
3208;3090;TCKT_BC_63;N-C;^008;;<DN;;;10;341;0102;^7767;;;;COT_2
3209;3091;TCKT_BC_63;N-C;^008;;<DN;;;10;341;0102;^6800;;;;COT_2
3210;3092;TCKT_BC_63;N-C;^008;;<DN;;;10;341;0102;^6752;;;;COT_2
3211;3093;TCKT_BC_63;N-C;^008;;<DN;;;10;341;0102;^7017;;;;COT_2
3212;3094;TCKT_BC_63;N-C;^008;;<DN;;;10;341;0102;;^704903|^704904;;;COT_2
3213;3095;TCKT_BC_63;N-C;^008;;<DN;;;10;341;0102;^7756;^704999|^704904;;;COT_2
3214;3096;TCKT_BC_63;N-C;^008;;<DN;;;10;341;0102;^7004;;;;COT_2
3215;3097;TCKT_BC_63;N-C;^008;;<DN;;;10;341;0102;^7763;;;;COT_2
3216;3098;TCKT_BC_63;N-C;^008;;<DN;;;10;341;0102;^6758;;;;COT_2
3217;3101;TCKT_BC_63;N-C;^008;;<DN;;;10;341;0102;^6956;;;;COT_2
3218;3102;TCKT_BC_63;N-C;^008;;<DN;;;10;341;0102;^6912|^7053;;;;COT_2
3219;3103;TCKT_BC_63;N-C;^008;;<DN;;;10;341;0102;^6605;;;;COT_2
3220;3104;TCKT_BC_63;N-C;^008;;<DN;;;10;341;0102;^7054;;;;COT_2
3221;3106;TCKT_BC_63;N-C;^008;;<DN;;;10;341;0102;^6951|^6952|^6953;;;;COT_2
3222;3107;TCKT_BC_63;N-C;^008;;<DN;;;10;341;0102;;^695415;;;COT_2
3223;3108;TCKT_BC_63;N-C;^008;;<DN;;;10;341;0102;^6999;;;;COT_2
3224;3109;TCKT_BC_63;N-C;^008;;<DN;;;10;341;0102;;^695406;;;COT_2
3225;3110;TCKT_BC_63;N-C;^008;;<DN;;;10;341;0102;;^695405;;;COT_2
3226;3111;TCKT_BC_63;N-C;^008;;<DN;;;10;341;0102;;^695403;;;COT_2
3227;3112;TCKT_BC_63;N-C;^008;;<DN;;;10;341;0102;;^695401;;;COT_2
3228;3113;TCKT_BC_63;N-C;^008;;<DN;;;10;341;0102;;^695413;;;COT_2
3229;3114;TCKT_BC_63;N-C;^008;;<DN;;;10;341;0102;;^695407;;;COT_2
3230;3115;TCKT_BC_63;N-C;^008;;<DN;;;10;341;0102;;^695408|^695410|^695411|^695412;;;COT_2
3231;;TCKT_BC_63;N-C;^008;;<DN;;;10;341;0102;^6950NOT^6956;;;;COT_2
3232;3116;TCKT_BC_63;;;;;+3231,-3221,-3222,-3223,-3224,-3230,-3229,-3228,-3227,-3226,-3225;;;;;;;;;COT_2
3233;3118;TCKT_BC_63;N-C;^008;;<DN;;;10;341;0102;^6901|^6902|^6903;;;;COT_2
3234;3119;TCKT_BC_63;N-C;^008;;<DN;;;10;341;0102;;^690501;;;COT_2
3235;3120;TCKT_BC_63;N-C;^008;;<DN;;;10;341;0102;;^690502;;;COT_2
3236;3121;TCKT_BC_63;N-C;^008;;<DN;;;10;341;0102;;^690505;;;COT_2
3237;3122;TCKT_BC_63;N-C;^008;;<DN;;;10;341;0102;;^690503;;;COT_2
3238;3123;TCKT_BC_63;N-C;^008;;<DN;;;10;341;0102;;^690506;;;COT_2
3239;3124;TCKT_BC_63;N-C;^008;;<DN;;;10;341;0102;;^690513;;;COT_2
3240;3125;TCKT_BC_63;N-C;^008;;<DN;;;10;341;0102;;^690507;;;COT_2
3241;3126;TCKT_BC_63;N-C;^008;;<DN;;;10;341;0102;;^690510;;;COT_2
3242;3128;TCKT_BC_63;N-C;^008;;<DN;;;10;341;0102;;^691308;;;COT_2
3243;3129;TCKT_BC_63;N-C;^008;;<DN;;;10;341;0102;;^690504;;;COT_2
3244;3130;TCKT_BC_63;N-C;^008;;<DN;;;10;341;0102;;^691309;;;COT_2
3245;;TCKT_BC_63;N-C;^008;;<DN;;;10;341;0102;^6900NOT^6912;;;;
3246;3131;TCKT_BC_63;;;;;+3245,-3233,-3234,-3235,-3236,-3237,-3238,-3239,-3240,-3241,-3242,-3243,-3244;;;;;;;;;COT_2
3247;3132;TCKT_BC_63;N-C;^008;;<DN;;;10;341;;;;^02010000;2;COT_2
3248;3133;TCKT_BC_63;N-C;^008;;<DN;;;10;341;;;;^02020000;1;COT_2
3249;;TCKT_BC_63;C;^008/d/d1;;<DN;;;10;341;0101;;;;;COT_3
3250;;TCKT_BC_63;N-C;^012|^013;;<DN;;;10;341;0101;;;;;COT_3
3251;3081;TCKT_BC_63;;;;;+3249,+3250;;;;;;;;;COT_3
3252;;TCKT_BC_63;C;^008/d/d1;;<DN;;;10;341;0102;;;;;COT_3
3253;;TCKT_BC_63;N-C;^012|^013;;<DN;;;10;341;0102;;;;;COT_3
3254;3082;TCKT_BC_63;;;;;+3252,+3253;;;;;;;;;COT_3
3255;;TCKT_BC_63;C;^008/d/d1;;<DN;;;10;341;0102;^6105;;;;COT_3
3256;;TCKT_BC_63;N-C;^012|^013;;<DN;;;10;341;0102;^6105;;;;COT_3
3257;3083;TCKT_BC_63;;;;;+3255,+3256;;;;;;;;;COT_3
3258;;TCKT_BC_63;C;^008/d/d1;;<DN;;;10;341;0102;^6253;;;;COT_3
3259;;TCKT_BC_63;N-C;^012|^013;;<DN;;;10;341;0102;^6253;;;;COT_3
3260;3084;TCKT_BC_63;;;;;+3258,+3259;;;;;;;;;COT_3
3261;;TCKT_BC_63;C;^008/d/d1;;<DN;;;10;341;0102;^6503;;;;COT_3
3262;;TCKT_BC_63;N-C;^012|^013;;<DN;;;10;341;0102;^6503;;;;COT_3
3263;3085;TCKT_BC_63;;;;;+3261,+3262;;;;;;;;;COT_3
3264;;TCKT_BC_63;C;^008/d/d1;;<DN;;;10;341;0102;^7757;;;;COT_3
3265;;TCKT_BC_63;N-C;^012|^013;;<DN;;;10;341;0102;^7757;;;;COT_3
3266;3086;TCKT_BC_63;;;;;+3264,+3265;;;;;;;;;COT_3
3267;;TCKT_BC_63;C;^008/d/d1;;<DN;;;10;341;0102;^7001;;;;COT_3
3268;;TCKT_BC_63;N-C;^012|^013;;<DN;;;10;341;0102;^7001;;;;COT_3
3269;3087;TCKT_BC_63;;;;;+3267,+3268;;;;;;;;;COT_3
3270;;TCKT_BC_63;C;^008/d/d1;;<DN;;;10;341;0102;^6503|^6701|^6702|^6703|^6704|^7008;;;;COT_3
3271;;TCKT_BC_63;N-C;^012|^013;;<DN;;;10;341;0102;^6503|^6701|^6702|^6703|^6704|^7008;;;;COT_3
3272;3088;TCKT_BC_63;;;;;+3270,+3271;;;;;;;;;COT_3
3273;;TCKT_BC_63;C;^008/d/d1;;<DN;;;10;341;0102;^7767;;;;COT_3
3274;;TCKT_BC_63;N-C;^012|^013;;<DN;;;10;341;0102;^7767;;;;COT_3
3275;3090;TCKT_BC_63;;;;;+3273,+3274;;;;;;;;;COT_3
3276;;TCKT_BC_63;C;^008/d/d1;;<DN;;;10;341;0102;^6800;;;;COT_3
3277;;TCKT_BC_63;N-C;^012|^013;;<DN;;;10;341;0102;^6800;;;;COT_3
3278;3091;TCKT_BC_63;;;;;+3276,+3277;;;;;;;;;COT_3
3279;;TCKT_BC_63;C;^008/d/d1;;<DN;;;10;341;0102;^6752;;;;COT_3
3280;;TCKT_BC_63;N-C;^012|^013;;<DN;;;10;341;0102;^6752;;;;COT_3
3281;3092;TCKT_BC_63;;;;;+3279,+3280;;;;;;;;;COT_3
3282;;TCKT_BC_63;C;^008/d/d1;;<DN;;;10;341;0102;^7017;;;;COT_3
3283;;TCKT_BC_63;N-C;^012|^013;;<DN;;;10;341;0102;^7017;;;;COT_3
3284;3093;TCKT_BC_63;;;;;+3282,+3283;;;;;;;;;COT_3
3285;;TCKT_BC_63;C;^008/d/d1;;<DN;;;10;341;0102;;^704903|^704904;;;COT_3
3286;;TCKT_BC_63;N-C;^012|^013;;<DN;;;10;341;0102;;^704903|^704904;;;COT_3
3287;3094;TCKT_BC_63;;;;;+3285,+3286;;;;;;;;;COT_3
3288;;TCKT_BC_63;C;^008/d/d1;;<DN;;;10;341;0102;^7756;^704999|^704904;;;COT_3
3289;;TCKT_BC_63;N-C;^012|^013;;<DN;;;10;341;0102;^7756;^704999|^704904;;;COT_3
3290;3095;TCKT_BC_63;;;;;+3288,+3289;;;;;;;;;COT_3
3291;;TCKT_BC_63;C;^008/d/d1;;<DN;;;10;341;0102;^7004;;;;COT_3
3292;;TCKT_BC_63;N-C;^012|^013;;<DN;;;10;341;0102;^7004;;;;COT_3
3293;3096;TCKT_BC_63;;;;;+3291,+3292;;;;;;;;;COT_3
3294;;TCKT_BC_63;C;^008/d/d1;;<DN;;;10;341;0102;^7763;;;;COT_3
3295;;TCKT_BC_63;N-C;^012|^013;;<DN;;;10;341;0102;^7763;;;;COT_3
3296;3097;TCKT_BC_63;;;;;+3294,+3295;;;;;;;;;COT_3
3297;;TCKT_BC_63;C;^008/d/d1;;<DN;;;10;341;0102;^6758;;;;COT_3
3298;;TCKT_BC_63;N-C;^012|^013;;<DN;;;10;341;0102;^6758;;;;COT_3
3299;3098;TCKT_BC_63;;;;;+3297,+3298;;;;;;;;;COT_3
3300;;TCKT_BC_63;C;^008/d/d1;;<DN;;;10;341;0102;^6956;;;;COT_3
3301;;TCKT_BC_63;N-C;^012|^013;;<DN;;;10;341;0102;^6956;;;;COT_3
3302;3101;TCKT_BC_63;;;;;+3300,+3301;;;;;;;;;COT_3
3303;;TCKT_BC_63;C;^008/d/d1;;<DN;;;10;341;0102;^6912|^7053;;;;COT_3
3304;;TCKT_BC_63;N-C;^012|^013;;<DN;;;10;341;0102;^6912|^7053;;;;COT_3
3305;3102;TCKT_BC_63;;;;;+3303,+3304;;;;;;;;;COT_3
3306;;TCKT_BC_63;C;^008/d/d1;;<DN;;;10;341;0102;^6605;;;;COT_3
3307;;TCKT_BC_63;N-C;^012|^013;;<DN;;;10;341;0102;^6605;;;;COT_3
3308;3103;TCKT_BC_63;;;;;+3306,+3307;;;;;;;;;COT_3
3309;;TCKT_BC_63;C;^008/d/d1;;<DN;;;10;341;0102;^7054;;;;COT_3
3310;;TCKT_BC_63;N-C;^012|^013;;<DN;;;10;341;0102;^7054;;;;COT_3
3311;3104;TCKT_BC_63;;;;;+3309,+3310;;;;;;;;;COT_3
3312;;TCKT_BC_63;C;^008/d/d1;;<DN;;;10;341;0102;^6951|^6952|^6953;;;;COT_3
3313;;TCKT_BC_63;N-C;^012|^013;;<DN;;;10;341;0102;^6951|^6952|^6953;;;;COT_3
3314;3106;TCKT_BC_63;;;;;+3312,+3313;;;;;;;;;COT_3
3315;;TCKT_BC_63;C;^008/d/d1;;<DN;;;10;341;0102;;^695415;;;COT_3
3316;;TCKT_BC_63;N-C;^012|^013;;<DN;;;10;341;0102;;^695415;;;COT_3
3317;3107;TCKT_BC_63;;;;;+3315,+3316;;;;;;;;;COT_3
3318;;TCKT_BC_63;C;^008/d/d1;;<DN;;;10;341;0102;^6999;;;;COT_3
3319;;TCKT_BC_63;N-C;^012|^013;;<DN;;;10;341;0102;^6999;;;;COT_3
3320;3108;TCKT_BC_63;;;;;+3318,+3319;;;;;;;;;COT_3
3321;;TCKT_BC_63;C;^008/d/d1;;<DN;;;10;341;0102;;^695406;;;COT_3
3322;;TCKT_BC_63;N-C;^012|^013;;<DN;;;10;341;0102;;^695406;;;COT_3
3323;3109;TCKT_BC_63;;;;;+3321,+3322;;;;;;;;;COT_3
3324;;TCKT_BC_63;C;^008/d/d1;;<DN;;;10;341;0102;;^695405;;;COT_3
3325;;TCKT_BC_63;N-C;^012|^013;;<DN;;;10;341;0102;;^695405;;;COT_3
3326;3110;TCKT_BC_63;;;;;+3324,+3325;;;;;;;;;COT_3
3327;;TCKT_BC_63;C;^008/d/d1;;<DN;;;10;341;0102;;^695403;;;COT_3
3328;;TCKT_BC_63;N-C;^012|^013;;<DN;;;10;341;0102;;^695403;;;COT_3
3329;3111;TCKT_BC_63;;;;;+3327,+3328;;;;;;;;;COT_3
3330;;TCKT_BC_63;C;^008/d/d1;;<DN;;;10;341;0102;;^695401;;;COT_3
3331;;TCKT_BC_63;N-C;^012|^013;;<DN;;;10;341;0102;;^695401;;;COT_3
3332;3112;TCKT_BC_63;;;;;+3330,+3331;;;;;;;;;COT_3
3333;;TCKT_BC_63;C;^008/d/d1;;<DN;;;10;341;0102;;^695413;;;COT_3
3334;;TCKT_BC_63;N-C;^012|^013;;<DN;;;10;341;0102;;^695413;;;COT_3
3335;3113;TCKT_BC_63;;;;;+3333,+3334;;;;;;;;;COT_3
3336;;TCKT_BC_63;C;^008/d/d1;;<DN;;;10;341;0102;;^695407;;;COT_3
3337;;TCKT_BC_63;N-C;^012|^013;;<DN;;;10;341;0102;;^695407;;;COT_3
3338;3114;TCKT_BC_63;;;;;+3336,+3337;;;;;;;;;COT_3
3339;;TCKT_BC_63;C;^008/d/d1;;<DN;;;10;341;0102;;^695408|^695410|^695411|^695412;;;COT_3
3340;;TCKT_BC_63;N-C;^012|^013;;<DN;;;10;341;0102;;^695408|^695410|^695411|^695412;;;COT_3
3341;3115;TCKT_BC_63;;;;;+3339,+3340;;;;;;;;;COT_3
3342;;TCKT_BC_63;C;^008/d/d1;;<DN;;;10;341;0102;^6950NOT^6956;;;;COT_3
3343;;TCKT_BC_63;N-C;^012|^013;;<DN;;;10;341;0102;^6950NOT^6956;;;;COT_3
3344;3116;TCKT_BC_63;;;;;+3342,+3343,-3340,-3339,-3337,-3336,-3334,-3333,-3331,-3330,-3328,-3327,-3325,-3324,-3322,-3321,-3319,-3318,-3316,-3315,-3313,-3312;;;;;;;;;COT_3
3345;;TCKT_BC_63;C;^008/d/d1;;<DN;;;10;341;0102;^6901|^6902|^6903;;;;COT_3
3346;;TCKT_BC_63;N-C;^012|^013;;<DN;;;10;341;0102;^6901|^6902|^6903;;;;COT_3
3347;3118;TCKT_BC_63;;;;;+3345,+3346;;;;;;;;;COT_3
3348;;TCKT_BC_63;C;^008/d/d1;;<DN;;;10;341;0102;;^690501;;;COT_3
3349;;TCKT_BC_63;N-C;^012|^013;;<DN;;;10;341;0102;;^690501;;;COT_3
3350;3119;TCKT_BC_63;;;;;+3348,+3349;;;;;;;;;COT_3
3351;;TCKT_BC_63;C;^008/d/d1;;<DN;;;10;341;0102;;^690502;;;COT_3
3352;;TCKT_BC_63;N-C;^012|^013;;<DN;;;10;341;0102;;^690502;;;COT_3
3353;3120;TCKT_BC_63;;;;;+3351,+3352;;;;;;;;;COT_3
3354;;TCKT_BC_63;C;^008/d/d1;;<DN;;;10;341;0102;;^690505;;;COT_3
3355;;TCKT_BC_63;N-C;^012|^013;;<DN;;;10;341;0102;;^690505;;;COT_3
3356;3121;TCKT_BC_63;;;;;+3354,+3355;;;;;;;;;COT_3
3357;;TCKT_BC_63;C;^008/d/d1;;<DN;;;10;341;0102;;^690503;;;COT_3
3358;;TCKT_BC_63;N-C;^012|^013;;<DN;;;10;341;0102;;^690503;;;COT_3
3359;3122;TCKT_BC_63;;;;;+3357,+3358;;;;;;;;;COT_3
3360;;TCKT_BC_63;C;^008/d/d1;;<DN;;;10;341;0102;;^690506;;;COT_3
3361;;TCKT_BC_63;N-C;^012|^013;;<DN;;;10;341;0102;;^690506;;;COT_3
3362;3123;TCKT_BC_63;;;;;+3360,+3361;;;;;;;;;COT_3
3363;;TCKT_BC_63;C;^008/d/d1;;<DN;;;10;341;0102;;^690513;;;COT_3
3364;;TCKT_BC_63;N-C;^012|^013;;<DN;;;10;341;0102;;^690513;;;COT_3
3365;3124;TCKT_BC_63;;;;;+3363,+3364;;;;;;;;;COT_3
3366;;TCKT_BC_63;C;^008/d/d1;;<DN;;;10;341;0102;;^690507;;;COT_3
3367;;TCKT_BC_63;N-C;^012|^013;;<DN;;;10;341;0102;;^690507;;;COT_3
3368;3125;TCKT_BC_63;;;;;+3366,+3367;;;;;;;;;COT_3
3369;;TCKT_BC_63;C;^008/d/d1;;<DN;;;10;341;0102;;^690510;;;COT_3
3370;;TCKT_BC_63;N-C;^012|^013;;<DN;;;10;341;0102;;^690510;;;COT_3
3371;3126;TCKT_BC_63;;;;;+3369,+3370;;;;;;;;;COT_3
3372;;TCKT_BC_63;C;^008/d/d1;;<DN;;;10;341;0102;;^691308;;;COT_3
3373;;TCKT_BC_63;N-C;^012|^013;;<DN;;;10;341;0102;;^691308;;;COT_3
3374;3128;TCKT_BC_63;;;;;+3372,+3373;;;;;;;;;COT_3
3375;;TCKT_BC_63;C;^008/d/d1;;<DN;;;10;341;0102;;^690504;;;COT_3
3376;;TCKT_BC_63;N-C;^012|^013;;<DN;;;10;341;0102;;^690504;;;COT_3
3377;3129;TCKT_BC_63;;;;;+3375,+3376;;;;;;;;;COT_3
3378;;TCKT_BC_63;C;^008/d/d1;;<DN;;;10;341;0102;;^691309;;;COT_3
3379;;TCKT_BC_63;N-C;^012|^013;;<DN;;;10;341;0102;;^691309;;;COT_3
3380;3130;TCKT_BC_63;;;;;+3378,+3379;;;;;;;;;COT_3
3381;;TCKT_BC_63;C;^008/d/d1;;<DN;;;10;341;0102;^6900NOT^6912;;;;COT_3
3382;;TCKT_BC_63;N-C;^012|^013;;<DN;;;10;341;0102;^6900NOT^6912;;;;COT_3
3383;3131;TCKT_BC_63;;;;;+3381,+3382,-3345,-3346,-3348,-3349,-3351,-3352,-3354,-3355,-3357,-3358,-3360,-3361,-3363,-3364,-3366,-3367,-3369,-3370,-3372,-3373,-3375,-3376,-3378,-3379;;;;;;;;;COT_3
3384;;TCKT_BC_63;C;^008/d/d1;;<DN;;;10;341;;;;^02010000;;COT_3
3385;;TCKT_BC_63;N-C;^012|^013;;<DN;;;10;341;;;;^02010000;;COT_3
3386;3132;TCKT_BC_63;;;;;+3385,+3384;;;;;;;;;COT_3
3387;;TCKT_BC_63;C;^008/d/d1;;<DN;;;10;341;;;;^02020000;;COT_3
3388;;TCKT_BC_63;N-C;^012|^013;;<DN;;;10;341;;;;^02020000;;COT_3
3389;3133;TCKT_BC_63;;;;;+3388,+3387;;;;;;;;;COT_3
3390;;TCKT_BC_63;N;^111;^3371;<DN;;;10;341;0101;;;;;COT_4
3391;;TCKT_BC_63;C;^111;^611;<DN;;;10;341;0101;;;;;COT_4
3392;3081;TCKT_BC_63;;;;;+3391,-3390;;;;;;;;;COT_4
3393;;TCKT_BC_63;N;^111;^3371;<DN;;;10;341;0102;;;;;COT_4
3394;;TCKT_BC_63;C;^111;^611;<DN;;;10;341;0102;;;;;COT_4
3395;3082;TCKT_BC_63;;;;;+3393,-3394;;;;;;;;;COT_4
3396;;TCKT_BC_63;N;^111;^3371;<DN;;;10;341;0102;^6105;;;;COT_4
3397;;TCKT_BC_63;C;^111;^611;<DN;;;10;341;0102;^6105;;;;COT_4
3398;3083;TCKT_BC_63;;;;;+3396,-3397;;;;;;;;;COT_4
3399;;TCKT_BC_63;N;^111;^3371;<DN;;;10;341;0102;^6253;;;;COT_4
3400;;TCKT_BC_63;C;^111;^611;<DN;;;10;341;0102;^6253;;;;COT_4
3401;3084;TCKT_BC_63;;;;;+3399,-3400;;;;;;;;;COT_4
3402;;TCKT_BC_63;N;^111;^3371;<DN;;;10;341;0102;^6503;;;;COT_4
3403;;TCKT_BC_63;C;^111;^611;<DN;;;10;341;0102;^6503;;;;COT_4
3404;3085;TCKT_BC_63;;;;;+3402,-3403;;;;;;;;;COT_4
3405;;TCKT_BC_63;N;^111;^3371;<DN;;;10;341;0102;^7757;;;;COT_4
3406;;TCKT_BC_63;C;^111;^611;<DN;;;10;341;0102;^7757;;;;COT_4
3407;3086;TCKT_BC_63;;;;;+3405,-3406;;;;;;;;;COT_4
3408;;TCKT_BC_63;N;^111;^3371;<DN;;;10;341;0102;^7001;;;;COT_4
3409;;TCKT_BC_63;C;^111;^611;<DN;;;10;341;0102;^7001;;;;COT_4
3410;3087;TCKT_BC_63;;;;;+3408,-3409;;;;;;;;;COT_4
3411;;TCKT_BC_63;N;^111;^3371;<DN;;;10;341;0102;^6503|^6701|^6702|^6703|^6704|^7008;;;;COT_4
3412;;TCKT_BC_63;C;^111;^611;<DN;;;10;341;0102;^6503|^6701|^6702|^6703|^6704|^7008;;;;COT_4
3413;3088;TCKT_BC_63;;;;;+3411,-3412;;;;;;;;;COT_4
3414;;TCKT_BC_63;N;^111;^3371;<DN;;;10;341;0102;^7767;;;;COT_4
3415;;TCKT_BC_63;C;^111;^611;<DN;;;10;341;0102;^7767;;;;COT_4
3416;3090;TCKT_BC_63;;;;;+3414,-3415;;;;;;;;;COT_4
3417;;TCKT_BC_63;N;^111;^3371;<DN;;;10;341;0102;^6800;;;;COT_4
3418;;TCKT_BC_63;C;^111;^611;<DN;;;10;341;0102;^6800;;;;COT_4
3419;3091;TCKT_BC_63;;;;;+3417,-3418;;;;;;;;;COT_4
3420;;TCKT_BC_63;N;^111;^3371;<DN;;;10;341;0102;^6752;;;;COT_4
3421;;TCKT_BC_63;C;^111;^611;<DN;;;10;341;0102;^6752;;;;COT_4
3422;3092;TCKT_BC_63;;;;;+3420,-3421;;;;;;;;;COT_4
3423;;TCKT_BC_63;N;^111;^3371;<DN;;;10;341;0102;^7017;;;;COT_4
3424;;TCKT_BC_63;C;^111;^611;<DN;;;10;341;0102;^7017;;;;COT_4
3425;3093;TCKT_BC_63;;;;;+3423,-3424;;;;;;;;;COT_4
3426;;TCKT_BC_63;N;^111;^3371;<DN;;;10;341;0102;;^704903|^704904;;;COT_4
3427;;TCKT_BC_63;C;^111;^611;<DN;;;10;341;0102;;^704903|^704904;;;COT_4
3428;3094;TCKT_BC_63;;;;;+3426,-3427;;;;;;;;;COT_4
3429;;TCKT_BC_63;N;^111;^3371;<DN;;;10;341;0102;^7756;^704999|^704904;;;COT_4
3430;;TCKT_BC_63;C;^111;^611;<DN;;;10;341;0102;^7756;^704999|^704904;;;COT_4
3431;3095;TCKT_BC_63;;;;;+3429,-3430;;;;;;;;;COT_4
3432;;TCKT_BC_63;N;^111;^3371;<DN;;;10;341;0102;^7004;;;;COT_4
3433;;TCKT_BC_63;C;^111;^611;<DN;;;10;341;0102;^7004;;;;COT_4
3434;3096;TCKT_BC_63;;;;;+3432,-3433;;;;;;;;;COT_4
3435;;TCKT_BC_63;N;^111;^3371;<DN;;;10;341;0102;^7763;;;;COT_4
3436;;TCKT_BC_63;C;^111;^611;<DN;;;10;341;0102;^7763;;;;COT_4
3437;3097;TCKT_BC_63;;;;;+3435,-3436;;;;;;;;;COT_4
3438;;TCKT_BC_63;N;^111;^3371;<DN;;;10;341;0102;^6758;;;;COT_4
3439;;TCKT_BC_63;C;^111;^611;<DN;;;10;341;0102;^6758;;;;COT_4
3440;3098;TCKT_BC_63;;;;;+3438,-3439;;;;;;;;;COT_4
3441;;TCKT_BC_63;N;^111;^3371;<DN;;;10;341;0102;^6956;;;;COT_4
3442;;TCKT_BC_63;C;^111;^611;<DN;;;10;341;0102;^6956;;;;COT_4
3443;3101;TCKT_BC_63;;;;;+3441,-3442;;;;;;;;;COT_4
3444;;TCKT_BC_63;N;^111;^3371;<DN;;;10;341;0102;^6912|^7053;;;;COT_4
3445;;TCKT_BC_63;C;^111;^611;<DN;;;10;341;0102;^6912|^7053;;;;COT_4
3446;3102;TCKT_BC_63;;;;;+3444,-3445;;;;;;;;;COT_4
3447;;TCKT_BC_63;N;^111;^3371;<DN;;;10;341;0102;^6605;;;;COT_4
3448;;TCKT_BC_63;C;^111;^611;<DN;;;10;341;0102;^6605;;;;COT_4
3449;3103;TCKT_BC_63;;;;;+3447,-3448;;;;;;;;;COT_4
3450;;TCKT_BC_63;N;^111;^3371;<DN;;;10;341;0102;^7054;;;;COT_4
3451;;TCKT_BC_63;C;^111;^611;<DN;;;10;341;0102;^7054;;;;COT_4
3452;3104;TCKT_BC_63;;;;;+3450,-3451;;;;;;;;;COT_4
3453;;TCKT_BC_63;N;^111;^3371;<DN;;;10;341;0102;^6951|^6952|^6953;;;;COT_4
3454;;TCKT_BC_63;C;^111;^611;<DN;;;10;341;0102;^6951|^6952|^6953;;;;COT_4
3455;3106;TCKT_BC_63;;;;;+3453,-3454;;;;;;;;;COT_4
3456;;TCKT_BC_63;N;^111;^3371;<DN;;;10;341;0102;;^695415;;;COT_4
3457;;TCKT_BC_63;C;^111;^611;<DN;;;10;341;0102;;^695415;;;COT_4
3458;3107;TCKT_BC_63;;;;;+3456,-3457;;;;;;;;;COT_4
3459;;TCKT_BC_63;N;^111;^3371;<DN;;;10;341;0102;^6999;;;;COT_4
3460;;TCKT_BC_63;C;^111;^611;<DN;;;10;341;0102;^6999;;;;COT_4
3461;3108;TCKT_BC_63;;;;;+3459,-3460;;;;;;;;;COT_4
3462;;TCKT_BC_63;N;^111;^3371;<DN;;;10;341;0102;;^695406;;;COT_4
3463;;TCKT_BC_63;C;^111;^611;<DN;;;10;341;0102;;^695406;;;COT_4
3464;3109;TCKT_BC_63;;;;;+3462,-3463;;;;;;;;;COT_4
3465;;TCKT_BC_63;N;^111;^3371;<DN;;;10;341;0102;;^695405;;;COT_4
3466;;TCKT_BC_63;C;^111;^611;<DN;;;10;341;0102;;^695405;;;COT_4
3467;3110;TCKT_BC_63;;;;;+3465,-3466;;;;;;;;;COT_4
3468;;TCKT_BC_63;N;^111;^3371;<DN;;;10;341;0102;;^695403;;;COT_4
3469;;TCKT_BC_63;C;^111;^611;<DN;;;10;341;0102;;^695403;;;COT_4
3470;3111;TCKT_BC_63;;;;;+3468,-3469;;;;;;;;;COT_4
3471;;TCKT_BC_63;N;^111;^3371;<DN;;;10;341;0102;;^695401;;;COT_4
3472;;TCKT_BC_63;C;^111;^611;<DN;;;10;341;0102;;^695401;;;COT_4
3473;3112;TCKT_BC_63;;;;;+3471,-3472;;;;;;;;;COT_4
3474;;TCKT_BC_63;N;^111;^3371;<DN;;;10;341;0102;;^695413;;;COT_4
3475;;TCKT_BC_63;C;^111;^611;<DN;;;10;341;0102;;^695413;;;COT_4
3476;3113;TCKT_BC_63;;;;;+3474,-3475;;;;;;;;;COT_4
3477;;TCKT_BC_63;N;^111;^3371;<DN;;;10;341;0102;;^695407;;;COT_4
3478;;TCKT_BC_63;C;^111;^611;<DN;;;10;341;0102;;^695407;;;COT_4
3479;3114;TCKT_BC_63;;;;;+3477,-3478;;;;;;;;;COT_4
3480;;TCKT_BC_63;N;^111;^3371;<DN;;;10;341;0102;;^695408|^695410|^695411|^695412;;;COT_4
3481;;TCKT_BC_63;C;^111;^611;<DN;;;10;341;0102;;^695408|^695410|^695411|^695412;;;COT_4
3482;3115;TCKT_BC_63;;;;;+3480,-3481;;;;;;;;;COT_4
3483;;TCKT_BC_63;N;^111;^3371;<DN;;;10;341;0102;^6950NOT^6956;;;;COT_4
3484;;TCKT_BC_63;C;^111;^611;<DN;;;10;341;0102;^6950NOT^6956;;;;COT_4
3485;3116;TCKT_BC_63;;;;;+3483,+3484,-3453,-3454,-3456,-3457,-3459,-3460,-3462,-3463,-3465,-3466,-3468,-3469,-3471,-3472,-3474,-3475,-3477,-3478,-3480,-3481;;;;;;;;;COT_4
3486;;TCKT_BC_63;N;^111;^3371;<DN;;;10;341;0102;^6901|^6902|^6903;;;;COT_4
3487;;TCKT_BC_63;C;^111;^611;<DN;;;10;341;0102;^6901|^6902|^6903;;;;COT_4
3488;3118;TCKT_BC_63;;;;;+3486,-3487;;;;;;;;;COT_4
3489;;TCKT_BC_63;N;^111;^3371;<DN;;;10;341;0102;;^690501;;;COT_4
3490;;TCKT_BC_63;C;^111;^611;<DN;;;10;341;0102;;^690501;;;COT_4
3491;3119;TCKT_BC_63;;;;;+3489,-3490;;;;;;;;;COT_4
3492;;TCKT_BC_63;N;^111;^3371;<DN;;;10;341;0102;;^690502;;;COT_4
3493;;TCKT_BC_63;C;^111;^611;<DN;;;10;341;0102;;^690502;;;COT_4
3494;3120;TCKT_BC_63;;;;;+3492,-3493;;;;;;;;;COT_4
3495;;TCKT_BC_63;N;^111;^3371;<DN;;;10;341;0102;;^690505;;;COT_4
3496;;TCKT_BC_63;C;^111;^611;<DN;;;10;341;0102;;^690505;;;COT_4
3497;3121;TCKT_BC_63;;;;;+3495,-3496;;;;;;;;;COT_4
3498;;TCKT_BC_63;N;^111;^3371;<DN;;;10;341;0102;;^690503;;;COT_4
3499;;TCKT_BC_63;C;^111;^611;<DN;;;10;341;0102;;^690503;;;COT_4
3500;3122;TCKT_BC_63;;;;;+3498,-3499;;;;;;;;;COT_4
3501;;TCKT_BC_63;N;^111;^3371;<DN;;;10;341;0102;;^690506;;;COT_4
3502;;TCKT_BC_63;C;^111;^611;<DN;;;10;341;0102;;^690506;;;COT_4
3503;3123;TCKT_BC_63;;;;;+3501,-3502;;;;;;;;;COT_4
3504;;TCKT_BC_63;N;^111;^3371;<DN;;;10;341;0102;;^690513;;;COT_4
3505;;TCKT_BC_63;C;^111;^611;<DN;;;10;341;0102;;^690513;;;COT_4
3506;3124;TCKT_BC_63;;;;;+3504,-3505;;;;;;;;;COT_4
3507;;TCKT_BC_63;N;^111;^3371;<DN;;;10;341;0102;;^690507;;;COT_4
3508;;TCKT_BC_63;C;^111;^611;<DN;;;10;341;0102;;^690507;;;COT_4
3509;3125;TCKT_BC_63;;;;;+3507,-3508;;;;;;;;;COT_4
3510;;TCKT_BC_63;N;^111;^3371;<DN;;;10;341;0102;;^690510;;;COT_4
3511;;TCKT_BC_63;C;^111;^611;<DN;;;10;341;0102;;^690510;;;COT_4
3512;3126;TCKT_BC_63;;;;;+3510,-3511;;;;;;;;;COT_4
3513;;TCKT_BC_63;N;^111;^3371;<DN;;;10;341;0102;;^691308;;;COT_4
3514;;TCKT_BC_63;C;^111;^611;<DN;;;10;341;0102;;^691308;;;COT_4
3515;3128;TCKT_BC_63;;;;;+3513,-3514;;;;;;;;;COT_4
3516;;TCKT_BC_63;N;^111;^3371;<DN;;;10;341;0102;;^690504;;;COT_4
3517;;TCKT_BC_63;C;^111;^611;<DN;;;10;341;0102;;^690504;;;COT_4
3518;3129;TCKT_BC_63;;;;;+3516,-3517;;;;;;;;;COT_4
3519;;TCKT_BC_63;N;^111;^3371;<DN;;;10;341;0102;;^691309;;;COT_4
3520;;TCKT_BC_63;C;^111;^611;<DN;;;10;341;0102;;^691309;;;COT_4
3521;3130;TCKT_BC_63;;;;;+3519,-3520;;;;;;;;;COT_4
3522;;TCKT_BC_63;N;^111;^3371;<DN;;;10;341;0102;^6900NOT^6912;;;;COT_4
3523;;TCKT_BC_63;C;^111;^611;<DN;;;10;341;0102;^6900NOT^6912;;;;COT_4
3524;3131;TCKT_BC_63;;;;;"+3522,+3523,-3486,-3487,-3489,-3490,-3492,-3493,-3495,-3496,-3498,-3499,-3501,-3502,-3504,-3505,-3507,-3508,-3510,-3511,-3513,-3514,-3516,-3517,-3519,-3520
";;;;;;;;;COT_4
3525;;TCKT_BC_63;N;^111;^3371;<DN;;;10;341;;;;^02010000;;COT_4
3526;;TCKT_BC_63;C;^111;^611;<DN;;;10;341;;;;^02010000;;COT_4
3527;3132;TCKT_BC_63;;;;;+3525,-3526;;;;;;;;;COT_4
3528;;TCKT_BC_63;N;^111;^3371;<DN;;;10;341;;;;^02020000;;COT_4
3529;;TCKT_BC_63;C;^111;^611;<DN;;;10;341;;;;^02020000;;COT_4
3530;3133;TCKT_BC_63;;;;;+3528,-3529;;;;;;;;;COT_4
3531;;TCKT_BC_63;N;^112;^3371;<DN;;;10;341;0101;;;;;COT_5
3532;;TCKT_BC_63;C;^112;^611;<DN;;;10;341;0101;;;;;COT_5
3533;3081;TCKT_BC_63;;;;;+3531,-3532;;;;;;;;;COT_5
3534;;TCKT_BC_63;N;^112;^3371;<DN;;;10;341;0102;;;;;COT_5
3535;;TCKT_BC_63;C;^112;^611;<DN;;;10;341;0102;;;;;COT_5
3536;3082;TCKT_BC_63;;;;;+3534,-3535;;;;;;;;;COT_5
3537;;TCKT_BC_63;N;^112;^3371;<DN;;;10;341;0102;^6105;;;;COT_5
3538;;TCKT_BC_63;C;^112;^611;<DN;;;10;341;0102;^6105;;;;COT_5
3539;3083;TCKT_BC_63;;;;;+3537,-3538;;;;;;;;;COT_5
3540;;TCKT_BC_63;N;^112;^3371;<DN;;;10;341;0102;^6253;;;;COT_5
3541;;TCKT_BC_63;C;^112;^611;<DN;;;10;341;0102;^6253;;;;COT_5
3542;3084;TCKT_BC_63;;;;;+3540,-3541;;;;;;;;;COT_5
3543;;TCKT_BC_63;N;^112;^3371;<DN;;;10;341;0102;^6503;;;;COT_5
3544;;TCKT_BC_63;C;^112;^611;<DN;;;10;341;0102;^6503;;;;COT_5
3545;3085;TCKT_BC_63;;;;;+3543,-3544;;;;;;;;;COT_5
3546;;TCKT_BC_63;N;^112;^3371;<DN;;;10;341;0102;^7757;;;;COT_5
3547;;TCKT_BC_63;C;^112;^611;<DN;;;10;341;0102;^7757;;;;COT_5
3548;3086;TCKT_BC_63;;;;;+3546,-3547;;;;;;;;;COT_5
3549;;TCKT_BC_63;N;^112;^3371;<DN;;;10;341;0102;^7001;;;;COT_5
3550;;TCKT_BC_63;C;^112;^611;<DN;;;10;341;0102;^7001;;;;COT_5
3551;3087;TCKT_BC_63;;;;;+3549,-3550;;;;;;;;;COT_5
3552;;TCKT_BC_63;N;^112;^3371;<DN;;;10;341;0102;^6503|^6701|^6702|^6703|^6704|^7008;;;;COT_5
3553;;TCKT_BC_63;C;^112;^611;<DN;;;10;341;0102;^6503|^6701|^6702|^6703|^6704|^7008;;;;COT_5
3554;3088;TCKT_BC_63;;;;;+3552,-3553;;;;;;;;;COT_5
3555;;TCKT_BC_63;N;^112;^3371;<DN;;;10;341;0102;^7767;;;;COT_5
3556;;TCKT_BC_63;C;^112;^611;<DN;;;10;341;0102;^7767;;;;COT_5
3557;3090;TCKT_BC_63;;;;;+3555,-3556;;;;;;;;;COT_5
3558;;TCKT_BC_63;N;^112;^3371;<DN;;;10;341;0102;^6800;;;;COT_5
3559;;TCKT_BC_63;C;^112;^611;<DN;;;10;341;0102;^6800;;;;COT_5
3560;3091;TCKT_BC_63;;;;;+3558,-3559;;;;;;;;;COT_5
3561;;TCKT_BC_63;N;^112;^3371;<DN;;;10;341;0102;^6752;;;;COT_5
3562;;TCKT_BC_63;C;^112;^611;<DN;;;10;341;0102;^6752;;;;COT_5
3563;3092;TCKT_BC_63;;;;;+3561,-3562;;;;;;;;;COT_5
3564;;TCKT_BC_63;N;^112;^3371;<DN;;;10;341;0102;^7017;;;;COT_5
3565;;TCKT_BC_63;C;^112;^611;<DN;;;10;341;0102;^7017;;;;COT_5
3566;3093;TCKT_BC_63;;;;;+3564,-3565;;;;;;;;;COT_5
3567;;TCKT_BC_63;N;^112;^3371;<DN;;;10;341;0102;;^704903|^704904;;;COT_5
3568;;TCKT_BC_63;C;^112;^611;<DN;;;10;341;0102;;^704903|^704904;;;COT_5
3569;3094;TCKT_BC_63;;;;;+3567,-3568;;;;;;;;;COT_5
3570;;TCKT_BC_63;N;^112;^3371;<DN;;;10;341;0102;^7756;^704999|^704904;;;COT_5
3571;;TCKT_BC_63;C;^112;^611;<DN;;;10;341;0102;^7756;^704999|^704904;;;COT_5
3572;3095;TCKT_BC_63;;;;;+3570,-3571;;;;;;;;;COT_5
3573;;TCKT_BC_63;N;^112;^3371;<DN;;;10;341;0102;^7004;;;;COT_5
3574;;TCKT_BC_63;C;^112;^611;<DN;;;10;341;0102;^7004;;;;COT_5
3575;3096;TCKT_BC_63;;;;;+3573,-3574;;;;;;;;;COT_5
3576;;TCKT_BC_63;N;^112;^3371;<DN;;;10;341;0102;^7763;;;;COT_5
3577;;TCKT_BC_63;C;^112;^611;<DN;;;10;341;0102;^7763;;;;COT_5
3578;3097;TCKT_BC_63;;;;;+3576,-3577;;;;;;;;;COT_5
3579;;TCKT_BC_63;N;^112;^3371;<DN;;;10;341;0102;^6758;;;;COT_5
3580;;TCKT_BC_63;C;^112;^611;<DN;;;10;341;0102;^6758;;;;COT_5
3581;3098;TCKT_BC_63;;;;;+3579,-3580;;;;;;;;;COT_5
3582;;TCKT_BC_63;N;^112;^3371;<DN;;;10;341;0102;^6956;;;;COT_5
3583;;TCKT_BC_63;C;^112;^611;<DN;;;10;341;0102;^6956;;;;COT_5
3584;3101;TCKT_BC_63;;;;;+3582,-3583;;;;;;;;;COT_5
3585;;TCKT_BC_63;N;^112;^3371;<DN;;;10;341;0102;^6912|^7053;;;;COT_5
3586;;TCKT_BC_63;C;^112;^611;<DN;;;10;341;0102;^6912|^7053;;;;COT_5
3587;3102;TCKT_BC_63;;;;;+3586,-3585;;;;;;;;;COT_5
3588;;TCKT_BC_63;N;^112;^3371;<DN;;;10;341;0102;^6605;;;;COT_5
3589;;TCKT_BC_63;C;^112;^611;<DN;;;10;341;0102;^6605;;;;COT_5
3590;3103;TCKT_BC_63;;;;;+3589,-3588;;;;;;;;;COT_5
3591;;TCKT_BC_63;N;^112;^3371;<DN;;;10;341;0102;^7054;;;;COT_5
3592;;TCKT_BC_63;C;^112;^611;<DN;;;10;341;0102;^7054;;;;COT_5
3593;3104;TCKT_BC_63;;;;;+3592,-3591;;;;;;;;;COT_5
3594;;TCKT_BC_63;N;^112;^3371;<DN;;;10;341;0102;^6951|^6952|^6953;;;;COT_5
3595;;TCKT_BC_63;C;^112;^611;<DN;;;10;341;0102;^6951|^6952|^6953;;;;COT_5
3596;3106;TCKT_BC_63;;;;;+3595,-3594;;;;;;;;;COT_5
3597;;TCKT_BC_63;N;^112;^3371;<DN;;;10;341;0102;;^695415;;;COT_5
3598;;TCKT_BC_63;C;^112;^611;<DN;;;10;341;0102;;^695415;;;COT_5
3599;3107;TCKT_BC_63;;;;;+3598,-3597;;;;;;;;;COT_5
3600;;TCKT_BC_63;N;^112;^3371;<DN;;;10;341;0102;^6999;;;;COT_5
3601;;TCKT_BC_63;C;^112;^611;<DN;;;10;341;0102;^6999;;;;COT_5
3602;3108;TCKT_BC_63;;;;;+3601,-3600;;;;;;;;;COT_5
3603;;TCKT_BC_63;N;^112;^3371;<DN;;;10;341;0102;;^695406;;;COT_5
3604;;TCKT_BC_63;C;^112;^611;<DN;;;10;341;0102;;^695406;;;COT_5
3605;3109;TCKT_BC_63;;;;;+3604,-3603;;;;;;;;;COT_5
3606;;TCKT_BC_63;N;^112;^3371;<DN;;;10;341;0102;;^695405;;;COT_5
3607;;TCKT_BC_63;C;^112;^611;<DN;;;10;341;0102;;^695405;;;COT_5
3608;3110;TCKT_BC_63;;;;;+3607,-3606;;;;;;;;;COT_5
3609;;TCKT_BC_63;N;^112;^3371;<DN;;;10;341;0102;;^695403;;;COT_5
3610;;TCKT_BC_63;C;^112;^611;<DN;;;10;341;0102;;^695403;;;COT_5
3611;3111;TCKT_BC_63;;;;;+3610,-3609;;;;;;;;;COT_5
3612;;TCKT_BC_63;N;^112;^3371;<DN;;;10;341;0102;;^695401;;;COT_5
3613;;TCKT_BC_63;C;^112;^611;<DN;;;10;341;0102;;^695401;;;COT_5
3614;3112;TCKT_BC_63;;;;;+3612,-3613;;;;;;;;;COT_5
3615;;TCKT_BC_63;N;^112;^3371;<DN;;;10;341;0102;;^695413;;;COT_5
3616;;TCKT_BC_63;C;^112;^611;<DN;;;10;341;0102;;^695413;;;COT_5
3617;3113;TCKT_BC_63;;;;;+3616,-3615;;;;;;;;;COT_5
3618;;TCKT_BC_63;N;^112;^3371;<DN;;;10;341;0102;;^695407;;;COT_5
3619;;TCKT_BC_63;C;^112;^611;<DN;;;10;341;0102;;^695407;;;COT_5
3620;3114;TCKT_BC_63;;;;;+3619,-3618;;;;;;;;;COT_5
3621;;TCKT_BC_63;N;^112;^3371;<DN;;;10;341;0102;;^695408|^695410|^695411|^695412;;;COT_5
3622;;TCKT_BC_63;C;^112;^611;<DN;;;10;341;0102;;^695408|^695410|^695411|^695412;;;COT_5
3623;3115;TCKT_BC_63;;;;;+3622,-3621;;;;;;;;;COT_5
3624;;TCKT_BC_63;N;^112;^3371;<DN;;;10;341;0102;^6950NOT^6956;;;;COT_5
3625;;TCKT_BC_63;C;^112;^611;<DN;;;10;341;0102;^6950NOT^6956;;;;COT_5
3626;3116;TCKT_BC_63;;;;;+3625,+3624,-3595,-3594,-3598,-3597,-3601,-3600,-3604,-3603,-3607,-3606,-3610,-3609,-3613,-3612,-3616,-3615,-3619,-3618,-3622,-3621;;;;;;;;;COT_5
3627;;TCKT_BC_63;N;^112;^3371;<DN;;;10;341;0102;^6901|^6902|^6903;;;;COT_5
3628;;TCKT_BC_63;C;^112;^611;<DN;;;10;341;0102;^6901|^6902|^6903;;;;COT_5
3629;3118;TCKT_BC_63;;;;;+3628,-3627;;;;;;;;;COT_5
3630;;TCKT_BC_63;N;^112;^3371;<DN;;;10;341;0102;;^690501;;;COT_5
3631;;TCKT_BC_63;C;^112;^611;<DN;;;10;341;0102;;^690501;;;COT_5
3632;3119;TCKT_BC_63;;;;;+3631,-3630;;;;;;;;;COT_5
3633;;TCKT_BC_63;N;^112;^3371;<DN;;;10;341;0102;;^690502;;;COT_5
3634;;TCKT_BC_63;C;^112;^611;<DN;;;10;341;0102;;^690502;;;COT_5
3635;3120;TCKT_BC_63;;;;;+3634,-3633;;;;;;;;;COT_5
3636;;TCKT_BC_63;N;^112;^3371;<DN;;;10;341;0102;;^690505;;;COT_5
3637;;TCKT_BC_63;C;^112;^611;<DN;;;10;341;0102;;^690505;;;COT_5
3638;3121;TCKT_BC_63;;;;;+3637,-3636;;;;;;;;;COT_5
3639;;TCKT_BC_63;N;^112;^3371;<DN;;;10;341;0102;;^690503;;;COT_5
3640;;TCKT_BC_63;C;^112;^611;<DN;;;10;341;0102;;^690503;;;COT_5
3641;3122;TCKT_BC_63;;;;;+3640,-3639;;;;;;;;;COT_5
3642;;TCKT_BC_63;N;^112;^3371;<DN;;;10;341;0102;;^690506;;;COT_5
3643;;TCKT_BC_63;C;^112;^611;<DN;;;10;341;0102;;^690506;;;COT_5
3644;3123;TCKT_BC_63;;;;;+3643,-3642;;;;;;;;;COT_5
3645;;TCKT_BC_63;N;^112;^3371;<DN;;;10;341;0102;;^690513;;;COT_5
3646;;TCKT_BC_63;C;^112;^611;<DN;;;10;341;0102;;^690513;;;COT_5
3647;3124;TCKT_BC_63;;;;;+3646,-3645;;;;;;;;;COT_5
3648;;TCKT_BC_63;N;^112;^3371;<DN;;;10;341;0102;;^690507;;;COT_5
3649;;TCKT_BC_63;C;^112;^611;<DN;;;10;341;0102;;^690507;;;COT_5
3650;3125;TCKT_BC_63;;;;;+3649,-3648;;;;;;;;;COT_5
3651;;TCKT_BC_63;N;^112;^3371;<DN;;;10;341;0102;;^690510;;;COT_5
3652;;TCKT_BC_63;C;^112;^611;<DN;;;10;341;0102;;^690510;;;COT_5
3653;3126;TCKT_BC_63;;;;;+3652,-3651;;;;;;;;;COT_5
3654;;TCKT_BC_63;N;^112;^3371;<DN;;;10;341;0102;;^691308;;;COT_5
3655;;TCKT_BC_63;C;^112;^611;<DN;;;10;341;0102;;^691308;;;COT_5
3656;3128;TCKT_BC_63;;;;;+3655,-3654;;;;;;;;;COT_5
3657;;TCKT_BC_63;N;^112;^3371;<DN;;;10;341;0102;;^690504;;;COT_5
3658;;TCKT_BC_63;C;^112;^611;<DN;;;10;341;0102;;^690504;;;COT_5
3659;3129;TCKT_BC_63;;;;;+3658,-3657;;;;;;;;;COT_5
3660;;TCKT_BC_63;N;^112;^3371;<DN;;;10;341;0102;;^691309;;;COT_5
3661;;TCKT_BC_63;C;^112;^611;<DN;;;10;341;0102;;^691309;;;COT_5
3662;3130;TCKT_BC_63;;;;;+3661,-3660;;;;;;;;;COT_5
3663;;TCKT_BC_63;N;^112;^3371;<DN;;;10;341;0102;^6900NOT^6912;;;;COT_5
3664;;TCKT_BC_63;C;^112;^611;<DN;;;10;341;0102;^6900NOT^6912;;;;COT_5
3665;3131;TCKT_BC_63;;;;;+3664,+3663,-3628,-3627,-3631,-3630,-3634,-3633,-3637,-3636,-3640,-3639,-3643,-3642,-3646,-3645,-3649,-3648,-3652,-3651,-3655,-3654,-3658,-3657,-3661,-3660;;;;;;;;;COT_5
3666;;TCKT_BC_63;N;^112;^3371;<DN;;;10;341;;;;^02010000;;COT_5
3667;;TCKT_BC_63;C;^112;^611;<DN;;;10;341;;;;^02010000;;COT_5
3668;3132;TCKT_BC_63;;;;;+3667,-3666;;;;;;;;;COT_5
3669;;TCKT_BC_63;N;^112;^3371;<DN;;;10;341;;;;^02020000;;COT_5
3670;;TCKT_BC_63;C;^112;^611;<DN;;;10;341;;;;^02020000;;COT_5
3671;3133;TCKT_BC_63;;;;;+3670,-3669;;;;;;;;;COT_5
3672;3081;TCKT_BC_63;N-C;^008;;TN;;;10;341;0101;;;;;COT_12B
3673;3082;TCKT_BC_63;N-C;^008;;TN;;;10;341;0102;;;;;COT_12B
3674;3083;TCKT_BC_63;N-C;^008;;TN;;;10;341;0102;^6105;;;;COT_12B
3675;3084;TCKT_BC_63;N-C;^008;;TN;;;10;341;0102;^6253;;;;COT_12B
3676;3085;TCKT_BC_63;N-C;^008;;TN;;;10;341;0102;^6503;;;;COT_12B
3677;3086;TCKT_BC_63;N-C;^008;;TN;;;10;341;0102;^7757;;;;COT_12B
3678;3087;TCKT_BC_63;N-C;^008;;TN;;;10;341;0102;^7001;;;;COT_12B
3679;3088;TCKT_BC_63;N-C;^008;;TN;;;10;341;0102;^6503|^6701|^6702|^6703|^6704|^7008;;;;COT_12B
3680;3090;TCKT_BC_63;N-C;^008;;TN;;;10;341;0102;^7767;;;;COT_12B
3681;3091;TCKT_BC_63;N-C;^008;;TN;;;10;341;0102;^6800;;;;COT_12B
3682;3092;TCKT_BC_63;N-C;^008;;TN;;;10;341;0102;^6752;;;;COT_12B
3683;3093;TCKT_BC_63;N-C;^008;;TN;;;10;341;0102;^7017;;;;COT_12B
3684;3094;TCKT_BC_63;N-C;^008;;TN;;;10;341;0102;;^704903|^704904;;;COT_12B
3685;3095;TCKT_BC_63;N-C;^008;;TN;;;10;341;0102;^7756;^704999|^704904;;;COT_12B
3686;3096;TCKT_BC_63;N-C;^008;;TN;;;10;341;0102;^7004;;;;COT_12B
3687;3097;TCKT_BC_63;N-C;^008;;TN;;;10;341;0102;^7763;;;;COT_12B
3688;3098;TCKT_BC_63;N-C;^008;;TN;;;10;341;0102;^6758;;;;COT_12B
3689;3101;TCKT_BC_63;N-C;^008;;TN;;;10;341;0102;^6956;;;;COT_12B
3690;3102;TCKT_BC_63;N-C;^008;;TN;;;10;341;0102;^6912|^7053;;;;COT_12B
3691;3103;TCKT_BC_63;N-C;^008;;TN;;;10;341;0102;^6605;;;;COT_12B
3692;3104;TCKT_BC_63;N-C;^008;;TN;;;10;341;0102;^7054;;;;COT_12B
3693;3106;TCKT_BC_63;N-C;^008;;TN;;;10;341;0102;^6951|^6952|^6953;;;;COT_12B
3694;3107;TCKT_BC_63;N-C;^008;;TN;;;10;341;0102;;^695415;;;COT_12B
3695;3108;TCKT_BC_63;N-C;^008;;TN;;;10;341;0102;^6999;;;;COT_12B
3696;3109;TCKT_BC_63;N-C;^008;;TN;;;10;341;0102;;^695406;;;COT_12B
3697;3110;TCKT_BC_63;N-C;^008;;TN;;;10;341;0102;;^695405;;;COT_12B
3698;3111;TCKT_BC_63;N-C;^008;;TN;;;10;341;0102;;^695403;;;COT_12B
3699;3112;TCKT_BC_63;N-C;^008;;TN;;;10;341;0102;;^695401;;;COT_12B
3700;3113;TCKT_BC_63;N-C;^008;;TN;;;10;341;0102;;^695413;;;COT_12B
3701;3114;TCKT_BC_63;N-C;^008;;TN;;;10;341;0102;;^695407;;;COT_12B
3702;3115;TCKT_BC_63;N-C;^008;;TN;;;10;341;0102;;^695408|^695410|^695411|^695412;;;COT_12B
3703;;TCKT_BC_63;N-C;^008;;TN;;;10;341;0102;^6950NOT^6956;;;;COT_12B
3704;3116;TCKT_BC_63;;;;;+3703,-3693,-3694,-3695,-3696,-3702,-3701,-3700,-3699,-3698,-3697;;;;;;;;;COT_12B
3705;3118;TCKT_BC_63;N-C;^008;;TN;;;10;341;0102;^6901|^6902|^6903;;;;COT_12B
3706;3119;TCKT_BC_63;N-C;^008;;TN;;;10;341;0102;;^690501;;;COT_12B
3707;3120;TCKT_BC_63;N-C;^008;;TN;;;10;341;0102;;^690502;;;COT_12B
3708;3121;TCKT_BC_63;N-C;^008;;TN;;;10;341;0102;;^690505;;;COT_12B
3709;3122;TCKT_BC_63;N-C;^008;;TN;;;10;341;0102;;^690503;;;COT_12B
3710;3123;TCKT_BC_63;N-C;^008;;TN;;;10;341;0102;;^690506;;;COT_12B
3711;3124;TCKT_BC_63;N-C;^008;;TN;;;10;341;0102;;^690513;;;COT_12B
3712;3125;TCKT_BC_63;N-C;^008;;TN;;;10;341;0102;;^690507;;;COT_12B
3713;3126;TCKT_BC_63;N-C;^008;;TN;;;10;341;0102;;^690510;;;COT_12B
3714;3128;TCKT_BC_63;N-C;^008;;TN;;;10;341;0102;;^691308;;;COT_12B
3715;3129;TCKT_BC_63;N-C;^008;;TN;;;10;341;0102;;^690504;;;COT_12B
3716;3130;TCKT_BC_63;N-C;^008;;TN;;;10;341;0102;;^691309;;;COT_12B
3717;;TCKT_BC_63;N-C;^008;;TN;;;10;341;0102;^6900NOT^6912;;;;COT_12B
3718;3131;TCKT_BC_63;;;;;+3717,-3705,-3706,-3707,-3708,-3709,-3710,-3711,-3712,-3713,-3714,-3715,-3716;;;;;;;;;COT_12B
3719;3132;TCKT_BC_63;N-C;^008;;TN;;;10;341;;;;^02010000;2;COT_12B
3720;3133;TCKT_BC_63;N-C;^008;;TN;;;10;341;;;;^02020000;1;COT_12B
3721;;TCKT_BC_63;C;^008/d/d1;;TN;;;10;341;0101;;;;;COT_12A
3722;;TCKT_BC_63;N-C;^012|^013;;TN;;;10;341;0101;;;;;COT_12A
3723;3081;TCKT_BC_63;;;;;+3721,+3722;;;;;;;;;COT_12A
3724;;TCKT_BC_63;C;^008/d/d1;;TN;;;10;341;0102;;;;;COT_12A
3725;;TCKT_BC_63;N-C;^012|^013;;TN;;;10;341;0102;;;;;COT_12A
3726;3082;TCKT_BC_63;;;;;+3724,+3725;;;;;;;;;COT_12A
3727;;TCKT_BC_63;C;^008/d/d1;;TN;;;10;341;0102;^6105;;;;COT_12A
3728;;TCKT_BC_63;N-C;^012|^013;;TN;;;10;341;0102;^6105;;;;COT_12A
3729;3083;TCKT_BC_63;;;;;+3727,+3728;;;;;;;;;COT_12A
3730;;TCKT_BC_63;C;^008/d/d1;;TN;;;10;341;0102;^6253;;;;COT_12A
3731;;TCKT_BC_63;N-C;^012|^013;;TN;;;10;341;0102;^6253;;;;COT_12A
3732;3084;TCKT_BC_63;;;;;+3730,+3731;;;;;;;;;COT_12A
3733;;TCKT_BC_63;C;^008/d/d1;;TN;;;10;341;0102;^6503;;;;COT_12A
3734;;TCKT_BC_63;N-C;^012|^013;;TN;;;10;341;0102;^6503;;;;COT_12A
3735;3085;TCKT_BC_63;;;;;+3733,+3734;;;;;;;;;COT_12A
3736;;TCKT_BC_63;C;^008/d/d1;;TN;;;10;341;0102;^7757;;;;COT_12A
3737;;TCKT_BC_63;N-C;^012|^013;;TN;;;10;341;0102;^7757;;;;COT_12A
3738;3086;TCKT_BC_63;;;;;+3736,+3737;;;;;;;;;COT_12A
3739;;TCKT_BC_63;C;^008/d/d1;;TN;;;10;341;0102;^7001;;;;COT_12A
3740;;TCKT_BC_63;N-C;^012|^013;;TN;;;10;341;0102;^7001;;;;COT_12A
3741;3087;TCKT_BC_63;;;;;+3739,+3740;;;;;;;;;COT_12A
3742;;TCKT_BC_63;C;^008/d/d1;;TN;;;10;341;0102;^6503|^6701|^6702|^6703|^6704|^7008;;;;COT_12A
3743;;TCKT_BC_63;N-C;^012|^013;;TN;;;10;341;0102;^6503|^6701|^6702|^6703|^6704|^7008;;;;COT_12A
3744;3088;TCKT_BC_63;;;;;+3742,+3743;;;;;;;;;COT_12A
3745;;TCKT_BC_63;C;^008/d/d1;;TN;;;10;341;0102;^7767;;;;COT_12A
3746;;TCKT_BC_63;N-C;^012|^013;;TN;;;10;341;0102;^7767;;;;COT_12A
3747;3090;TCKT_BC_63;;;;;+3745,+3746;;;;;;;;;COT_12A
3748;;TCKT_BC_63;C;^008/d/d1;;TN;;;10;341;0102;^6800;;;;COT_12A
3749;;TCKT_BC_63;N-C;^012|^013;;TN;;;10;341;0102;^6800;;;;COT_12A
3750;3091;TCKT_BC_63;;;;;+3748,+3749;;;;;;;;;COT_12A
3751;;TCKT_BC_63;C;^008/d/d1;;TN;;;10;341;0102;^6752;;;;COT_12A
3752;;TCKT_BC_63;N-C;^012|^013;;TN;;;10;341;0102;^6752;;;;COT_12A
3753;3092;TCKT_BC_63;;;;;+3751,+3752;;;;;;;;;COT_12A
3754;;TCKT_BC_63;C;^008/d/d1;;TN;;;10;341;0102;^7017;;;;COT_12A
3755;;TCKT_BC_63;N-C;^012|^013;;TN;;;10;341;0102;^7017;;;;COT_12A
3756;3093;TCKT_BC_63;;;;;+3754,+3755;;;;;;;;;COT_12A
3757;;TCKT_BC_63;C;^008/d/d1;;TN;;;10;341;0102;;^704903|^704904;;;COT_12A
3758;;TCKT_BC_63;N-C;^012|^013;;TN;;;10;341;0102;;^704903|^704904;;;COT_12A
3759;3094;TCKT_BC_63;;;;;+3757,+3758;;;;;;;;;COT_12A
3760;;TCKT_BC_63;C;^008/d/d1;;TN;;;10;341;0102;^7756;^704999|^704904;;;COT_12A
3761;;TCKT_BC_63;N-C;^012|^013;;TN;;;10;341;0102;^7756;^704999|^704904;;;COT_12A
3762;3095;TCKT_BC_63;;;;;+3760,+3761;;;;;;;;;COT_12A
3763;;TCKT_BC_63;C;^008/d/d1;;TN;;;10;341;0102;^7004;;;;COT_12A
3764;;TCKT_BC_63;N-C;^012|^013;;TN;;;10;341;0102;^7004;;;;COT_12A
3765;3096;TCKT_BC_63;;;;;+3763,+3764;;;;;;;;;COT_12A
3766;;TCKT_BC_63;C;^008/d/d1;;TN;;;10;341;0102;^7763;;;;COT_12A
3767;;TCKT_BC_63;N-C;^012|^013;;TN;;;10;341;0102;^7763;;;;COT_12A
3768;3097;TCKT_BC_63;;;;;+3766,+3767;;;;;;;;;COT_12A
3769;;TCKT_BC_63;C;^008/d/d1;;TN;;;10;341;0102;^6758;;;;COT_12A
3770;;TCKT_BC_63;N-C;^012|^013;;TN;;;10;341;0102;^6758;;;;COT_12A
3771;3098;TCKT_BC_63;;;;;+3769,+3770;;;;;;;;;COT_12A
3772;;TCKT_BC_63;C;^008/d/d1;;TN;;;10;341;0102;^6956;;;;COT_12A
3773;;TCKT_BC_63;N-C;^012|^013;;TN;;;10;341;0102;^6956;;;;COT_12A
3774;3101;TCKT_BC_63;;;;;+3772,+3773;;;;;;;;;COT_12A
3775;;TCKT_BC_63;C;^008/d/d1;;TN;;;10;341;0102;^6912|^7053;;;;COT_12A
3776;;TCKT_BC_63;N-C;^012|^013;;TN;;;10;341;0102;^6912|^7053;;;;COT_12A
3777;3102;TCKT_BC_63;;;;;+3775,+3776;;;;;;;;;COT_12A
3778;;TCKT_BC_63;C;^008/d/d1;;TN;;;10;341;0102;^6605;;;;COT_12A
3779;;TCKT_BC_63;N-C;^012|^013;;TN;;;10;341;0102;^6605;;;;COT_12A
3780;3103;TCKT_BC_63;;;;;+3778,+3779;;;;;;;;;COT_12A
3781;;TCKT_BC_63;C;^008/d/d1;;TN;;;10;341;0102;^7054;;;;COT_12A
3782;;TCKT_BC_63;N-C;^012|^013;;TN;;;10;341;0102;^7054;;;;COT_12A
3783;3104;TCKT_BC_63;;;;;+3781,+3782;;;;;;;;;COT_12A
3784;;TCKT_BC_63;C;^008/d/d1;;TN;;;10;341;0102;^6951|^6952|^6953;;;;COT_12A
3785;;TCKT_BC_63;N-C;^012|^013;;TN;;;10;341;0102;^6951|^6952|^6953;;;;COT_12A
3786;3106;TCKT_BC_63;;;;;+3784,+3785;;;;;;;;;COT_12A
3787;;TCKT_BC_63;C;^008/d/d1;;TN;;;10;341;0102;;^695415;;;COT_12A
3788;;TCKT_BC_63;N-C;^012|^013;;TN;;;10;341;0102;;^695415;;;COT_12A
3789;3107;TCKT_BC_63;;;;;+3787,+3788;;;;;;;;;COT_12A
3790;;TCKT_BC_63;C;^008/d/d1;;TN;;;10;341;0102;^6999;;;;COT_12A
3791;;TCKT_BC_63;N-C;^012|^013;;TN;;;10;341;0102;^6999;;;;COT_12A
3792;3108;TCKT_BC_63;;;;;+3790,+3791;;;;;;;;;COT_12A
3793;;TCKT_BC_63;C;^008/d/d1;;TN;;;10;341;0102;;^695406;;;COT_12A
3794;;TCKT_BC_63;N-C;^012|^013;;TN;;;10;341;0102;;^695406;;;COT_12A
3795;3109;TCKT_BC_63;;;;;+3793,+3794;;;;;;;;;COT_12A
3796;;TCKT_BC_63;C;^008/d/d1;;TN;;;10;341;0102;;^695405;;;COT_12A
3797;;TCKT_BC_63;N-C;^012|^013;;TN;;;10;341;0102;;^695405;;;COT_12A
3798;3110;TCKT_BC_63;;;;;+3796,+3797;;;;;;;;;COT_12A
3799;;TCKT_BC_63;C;^008/d/d1;;TN;;;10;341;0102;;^695403;;;COT_12A
3800;;TCKT_BC_63;N-C;^012|^013;;TN;;;10;341;0102;;^695403;;;COT_12A
3801;3111;TCKT_BC_63;;;;;+3799,+3800;;;;;;;;;COT_12A
3802;;TCKT_BC_63;C;^008/d/d1;;TN;;;10;341;0102;;^695401;;;COT_12A
3803;;TCKT_BC_63;N-C;^012|^013;;TN;;;10;341;0102;;^695401;;;COT_12A
3804;3112;TCKT_BC_63;;;;;+3802,+3803;;;;;;;;;COT_12A
3805;;TCKT_BC_63;C;^008/d/d1;;TN;;;10;341;0102;;^695413;;;COT_12A
3806;;TCKT_BC_63;N-C;^012|^013;;TN;;;10;341;0102;;^695413;;;COT_12A
3807;3113;TCKT_BC_63;;;;;+3805,+3806;;;;;;;;;COT_12A
3808;;TCKT_BC_63;C;^008/d/d1;;TN;;;10;341;0102;;^695407;;;COT_12A
3809;;TCKT_BC_63;N-C;^012|^013;;TN;;;10;341;0102;;^695407;;;COT_12A
3810;3114;TCKT_BC_63;;;;;+3808,+3809;;;;;;;;;COT_12A
3811;;TCKT_BC_63;C;^008/d/d1;;TN;;;10;341;0102;;^695408|^695410|^695411|^695412;;;COT_12A
3812;;TCKT_BC_63;N-C;^012|^013;;TN;;;10;341;0102;;^695408|^695410|^695411|^695412;;;COT_12A
3813;3115;TCKT_BC_63;;;;;+3811,+3812;;;;;;;;;COT_12A
3814;;TCKT_BC_63;C;^008/d/d1;;TN;;;10;341;0102;^6950NOT^6956;;;;COT_12A
3815;;TCKT_BC_63;N-C;^012|^013;;TN;;;10;341;0102;^6950NOT^6956;;;;COT_12A
3816;3116;TCKT_BC_63;;;;;+3814,+3815,-3812,-3811,-3809,-3808,-3805,-3806,-3803,-3802,-3800,-3799,-3797,-3796,-3794,-3793,-3791,-3790,-3788,-3787,-3785,-3784;;;;;;;;;COT_12A
3817;;TCKT_BC_63;C;^008/d/d1;;TN;;;10;341;0102;^6901|^6902|^6903;;;;COT_12A
3818;;TCKT_BC_63;N-C;^012|^013;;TN;;;10;341;0102;^6901|^6902|^6903;;;;COT_12A
3819;3118;TCKT_BC_63;;;;;+3817,+3818;;;;;;;;;COT_12A
3820;;TCKT_BC_63;C;^008/d/d1;;TN;;;10;341;0102;;^690501;;;COT_12A
3821;;TCKT_BC_63;N-C;^012|^013;;TN;;;10;341;0102;;^690501;;;COT_12A
3822;3119;TCKT_BC_63;;;;;+3820,+3821;;;;;;;;;COT_12A
3823;;TCKT_BC_63;C;^008/d/d1;;TN;;;10;341;0102;;^690502;;;COT_12A
3824;;TCKT_BC_63;N-C;^012|^013;;TN;;;10;341;0102;;^690502;;;COT_12A
3825;3120;TCKT_BC_63;;;;;+3823,+3824;;;;;;;;;COT_12A
3826;;TCKT_BC_63;C;^008/d/d1;;TN;;;10;341;0102;;^690505;;;COT_12A
3827;;TCKT_BC_63;N-C;^012|^013;;TN;;;10;341;0102;;^690505;;;COT_12A
3828;3121;TCKT_BC_63;;;;;+3826,+3827;;;;;;;;;COT_12A
3829;;TCKT_BC_63;C;^008/d/d1;;TN;;;10;341;0102;;^690503;;;COT_12A
3830;;TCKT_BC_63;N-C;^012|^013;;TN;;;10;341;0102;;^690503;;;COT_12A
3831;3122;TCKT_BC_63;;;;;+3829,+3830;;;;;;;;;COT_12A
3832;;TCKT_BC_63;C;^008/d/d1;;TN;;;10;341;0102;;^690506;;;COT_12A
3833;;TCKT_BC_63;N-C;^012|^013;;TN;;;10;341;0102;;^690506;;;COT_12A
3834;3123;TCKT_BC_63;;;;;+3832,+3833;;;;;;;;;COT_12A
3835;;TCKT_BC_63;C;^008/d/d1;;TN;;;10;341;0102;;^690513;;;COT_12A
3836;;TCKT_BC_63;N-C;^012|^013;;TN;;;10;341;0102;;^690513;;;COT_12A
3837;3124;TCKT_BC_63;;;;;+3835,+3836;;;;;;;;;COT_12A
3838;;TCKT_BC_63;C;^008/d/d1;;TN;;;10;341;0102;;^690507;;;COT_12A
3839;;TCKT_BC_63;N-C;^012|^013;;TN;;;10;341;0102;;^690507;;;COT_12A
3840;3125;TCKT_BC_63;;;;;+3838,+3839;;;;;;;;;COT_12A
3841;;TCKT_BC_63;C;^008/d/d1;;TN;;;10;341;0102;;^690510;;;COT_12A
3842;;TCKT_BC_63;N-C;^012|^013;;TN;;;10;341;0102;;^690510;;;COT_12A
3843;3126;TCKT_BC_63;;;;;+3841,+3842;;;;;;;;;COT_12A
3844;;TCKT_BC_63;C;^008/d/d1;;TN;;;10;341;0102;;^691308;;;COT_12A
3845;;TCKT_BC_63;N-C;^012|^013;;TN;;;10;341;0102;;^691308;;;COT_12A
3846;3128;TCKT_BC_63;;;;;+3844,+3845;;;;;;;;;COT_12A
3847;;TCKT_BC_63;C;^008/d/d1;;TN;;;10;341;0102;;^690504;;;COT_12A
3848;;TCKT_BC_63;N-C;^012|^013;;TN;;;10;341;0102;;^690504;;;COT_12A
3849;3129;TCKT_BC_63;;;;;+3847,+3848;;;;;;;;;COT_12A
3850;;TCKT_BC_63;C;^008/d/d1;;TN;;;10;341;0102;;^691309;;;COT_12A
3851;;TCKT_BC_63;N-C;^012|^013;;TN;;;10;341;0102;;^691309;;;COT_12A
3852;3130;TCKT_BC_63;;;;;+3850,+3851;;;;;;;;;COT_12A
3853;;TCKT_BC_63;C;^008/d/d1;;TN;;;10;341;0102;^6900NOT^6912;;;;COT_12A
3854;;TCKT_BC_63;N-C;^012|^013;;TN;;;10;341;0102;^6900NOT^6912;;;;COT_12A
3855;3131;TCKT_BC_63;;;;;+3854,+3853,-3817,-3818,-3820,-3821,-3823,-3824,-3826,-3827,-3829,-3830,-3832,-3833,-3835,-3836,-3838,-3839,-3841,-3842,-3844,-3845,-3847,-3848,-3850,-3851;;;;;;;;;COT_12A
3856;;TCKT_BC_63;C;^008/d/d1;;TN;;;10;341;;;;^02010000;;COT_12A
3857;;TCKT_BC_63;N-C;^012|^013;;TN;;;10;341;;;;^02010000;;COT_12A
3858;3132;TCKT_BC_63;;;;;+3856,+3857;;;;;;;;;COT_12A
3859;;TCKT_BC_63;C;^008/d/d1;;TN;;;10;341;;;;^02020000;;COT_12A
3860;;TCKT_BC_63;N-C;^012|^013;;TN;;;10;341;;;;^02020000;;COT_12A
3861;3133;TCKT_BC_63;;;;;+3860,+3859;;;;;;;;;COT_12A
3862;3081;TCKT_BC_63;N;^0082|^012|^013;;TN;;9,10,20;10;341;0101;;;;;COT_14
3863;3082;TCKT_BC_63;N;^0082|^012|^013;;TN;;9,10,20;10;341;0102;;;;;COT_14
3864;3083;TCKT_BC_63;N;^0082|^012|^013;;TN;;9,10,20;10;341;0102;^6105;;;;COT_14
3865;3084;TCKT_BC_63;N;^0082|^012|^013;;TN;;9,10,20;10;341;0102;^6253;;;;COT_14
3866;3085;TCKT_BC_63;N;^0082|^012|^013;;TN;;9,10,20;10;341;0102;^6503;;;;COT_14
3867;3086;TCKT_BC_63;N;^0082|^012|^013;;TN;;9,10,20;10;341;0102;^7757;;;;COT_14
3868;3087;TCKT_BC_63;N;^0082|^012|^013;;TN;;9,10,20;10;341;0102;^7001;;;;COT_14
3869;3088;TCKT_BC_63;N;^0082|^012|^013;;TN;;9,10,20;10;341;0102;^6503|^6701|^6702|^6703|^6704|^7008;;;;COT_14
3870;3090;TCKT_BC_63;N;^0082|^012|^013;;TN;;9,10,20;10;341;0102;^7767;;;;COT_14
3871;3091;TCKT_BC_63;N;^0082|^012|^013;;TN;;9,10,20;10;341;0102;^6800;;;;COT_14
3872;3092;TCKT_BC_63;N;^0082|^012|^013;;TN;;9,10,20;10;341;0102;^6752;;;;COT_14
3873;3093;TCKT_BC_63;N;^0082|^012|^013;;TN;;9,10,20;10;341;0102;^7017;;;;COT_14
3874;3094;TCKT_BC_63;N;^0082|^012|^013;;TN;;9,10,20;10;341;0102;;^704903|^704904;;;COT_14
3875;3095;TCKT_BC_63;N;^0082|^012|^013;;TN;;9,10,20;10;341;0102;^7756;^704999|^704904;;;COT_14
3876;3096;TCKT_BC_63;N;^0082|^012|^013;;TN;;9,10,20;10;341;0102;^7004;;;;COT_14
3877;3097;TCKT_BC_63;N;^0082|^012|^013;;TN;;9,10,20;10;341;0102;^7763;;;;COT_14
3878;3098;TCKT_BC_63;N;^0082|^012|^013;;TN;;9,10,20;10;341;0102;^6758;;;;COT_14
3879;3101;TCKT_BC_63;N;^0082|^012|^013;;TN;;9,10,20;10;341;0102;^6956;;;;COT_14
3880;3102;TCKT_BC_63;N;^0082|^012|^013;;TN;;9,10,20;10;341;0102;^6912|^7053;;;;COT_14
3881;3103;TCKT_BC_63;N;^0082|^012|^013;;TN;;9,10,20;10;341;0102;^6605;;;;COT_14
3882;3104;TCKT_BC_63;N;^0082|^012|^013;;TN;;9,10,20;10;341;0102;^7054;;;;COT_14
3883;3106;TCKT_BC_63;N;^0082|^012|^013;;TN;;9,10,20;10;341;0102;^6951|^6952|^6953;;;;COT_14
3884;3107;TCKT_BC_63;N;^0082|^012|^013;;TN;;9,10,20;10;341;0102;;^695415;;;COT_14
3885;3108;TCKT_BC_63;N;^0082|^012|^013;;TN;;9,10,20;10;341;0102;^6999;;;;COT_14
3886;3109;TCKT_BC_63;N;^0082|^012|^013;;TN;;9,10,20;10;341;0102;;^695406;;;COT_14
3887;3110;TCKT_BC_63;N;^0082|^012|^013;;TN;;9,10,20;10;341;0102;;^695405;;;COT_14
3888;3111;TCKT_BC_63;N;^0082|^012|^013;;TN;;9,10,20;10;341;0102;;^695403;;;COT_14
3889;3112;TCKT_BC_63;N;^0082|^012|^013;;TN;;9,10,20;10;341;0102;;^695401;;;COT_14
3890;3113;TCKT_BC_63;N;^0082|^012|^013;;TN;;9,10,20;10;341;0102;;^695413;;;COT_14
3891;3114;TCKT_BC_63;N;^0082|^012|^013;;TN;;9,10,20;10;341;0102;;^695407;;;COT_14
3892;3115;TCKT_BC_63;N;^0082|^012|^013;;TN;;9,10,20;10;341;0102;;^695408|^695410|^695411|^695412;;;COT_14
3893;;TCKT_BC_63;N;^0082|^012|^013;;TN;;9,10,20;10;341;0102;^6950NOT^6956;;;;COT_14
3894;3116;TCKT_BC_63;;;;;+3893,-3883,-3884,-3885,-3886,-3892,-3891,-3890,-3889,-3888,-3887;;;;;;;;;COT_14
3895;3118;TCKT_BC_63;N;^0082|^012|^013;;TN;;9,10,20;10;341;0102;^6901|^6902|^6903;;;;COT_14
3896;3119;TCKT_BC_63;N;^0082|^012|^013;;TN;;9,10,20;10;341;0102;;^690501;;;COT_14
3897;3120;TCKT_BC_63;N;^0082|^012|^013;;TN;;9,10,20;10;341;0102;;^690502;;;COT_14
3898;3121;TCKT_BC_63;N;^0082|^012|^013;;TN;;9,10,20;10;341;0102;;^690505;;;COT_14
3899;3122;TCKT_BC_63;N;^0082|^012|^013;;TN;;9,10,20;10;341;0102;;^690503;;;COT_14
3900;3123;TCKT_BC_63;N;^0082|^012|^013;;TN;;9,10,20;10;341;0102;;^690506;;;COT_14
3901;3124;TCKT_BC_63;N;^0082|^012|^013;;TN;;9,10,20;10;341;0102;;^690513;;;COT_14
3902;3125;TCKT_BC_63;N;^0082|^012|^013;;TN;;9,10,20;10;341;0102;;^690507;;;COT_14
3903;3126;TCKT_BC_63;N;^0082|^012|^013;;TN;;9,10,20;10;341;0102;;^690510;;;COT_14
3904;3128;TCKT_BC_63;N;^0082|^012|^013;;TN;;9,10,20;10;341;0102;;^691308;;;COT_14
3905;3129;TCKT_BC_63;N;^0082|^012|^013;;TN;;9,10,20;10;341;0102;;^690504;;;COT_14
3906;3130;TCKT_BC_63;N;^0082|^012|^013;;TN;;9,10,20;10;341;0102;;^691309;;;COT_14
3907;;TCKT_BC_63;N;^0082|^012|^013;;TN;;9,10,20;10;341;0102;^6900NOT^6912;;;;COT_14
3908;3131;TCKT_BC_63;;;;;+3907,-3895,-3896,-3897,-3898,-3899,-3900,-3901,-3902,-3903,-3904,-3905,-3906;;;;;;;;;COT_14
3909;3132;TCKT_BC_63;N;^0082|^012|^013;;TN;;9,10,20;10;341;;;;^02010000;2;COT_14
3910;3133;TCKT_BC_63;N;^0082|^012|^013;;TN;;9,10,20;10;341;;;;^02020000;1;COT_14
3911;;TCKT_BC_63;C;^008;;TN;;;10;341;0101;;;;;COT_16
3912;;TCKT_BC_63;N;^012|^013;;TN;;;10;341;0101;;;;;COT_16
3913;3081;TCKT_BC_63;;;;;+3911,+3912;;;;;;;;;COT_16
3914;;TCKT_BC_63;C;^008;;TN;;;10;341;0102;;;;;COT_16
3915;;TCKT_BC_63;N;^012|^013;;TN;;;10;341;0102;;;;;COT_16
3916;3082;TCKT_BC_63;;;;;+3914,+3915;;;;;;;;;COT_16
3917;;TCKT_BC_63;C;^008;;TN;;;10;341;0102;^6105;;;;COT_16
3918;;TCKT_BC_63;N;^012|^013;;TN;;;10;341;0102;^6105;;;;COT_16
3919;3083;TCKT_BC_63;;;;;+3917,+3918;;;;;;;;;COT_16
3920;;TCKT_BC_63;C;^008;;TN;;;10;341;0102;^6253;;;;COT_16
3921;;TCKT_BC_63;N;^012|^013;;TN;;;10;341;0102;^6253;;;;COT_16
3922;3084;TCKT_BC_63;;;;;+3920,+3921;;;;;;;;;COT_16
3923;;TCKT_BC_63;C;^008;;TN;;;10;341;0102;^6503;;;;COT_16
3924;;TCKT_BC_63;N;^012|^013;;TN;;;10;341;0102;^6503;;;;COT_16
3925;3085;TCKT_BC_63;;;;;+3923,+3924;;;;;;;;;COT_16
3926;;TCKT_BC_63;C;^008;;TN;;;10;341;0102;^7757;;;;COT_16
3927;;TCKT_BC_63;N;^012|^013;;TN;;;10;341;0102;^7757;;;;COT_16
3928;3086;TCKT_BC_63;;;;;+3926,+3927;;;;;;;;;COT_16
3929;;TCKT_BC_63;C;^008;;TN;;;10;341;0102;^7001;;;;COT_16
3930;;TCKT_BC_63;N;^012|^013;;TN;;;10;341;0102;^7001;;;;COT_16
3931;3087;TCKT_BC_63;;;;;+3929,+3930;;;;;;;;;COT_16
3932;;TCKT_BC_63;C;^008;;TN;;;10;341;0102;^6503|^6701|^6702|^6703|^6704|^7008;;;;COT_16
3933;;TCKT_BC_63;N;^012|^013;;TN;;;10;341;0102;^6503|^6701|^6702|^6703|^6704|^7008;;;;COT_16
3934;3088;TCKT_BC_63;;;;;+3932,+3933;;;;;;;;;COT_16
3935;;TCKT_BC_63;C;^008;;TN;;;10;341;0102;^7767;;;;COT_16
3936;;TCKT_BC_63;N;^012|^013;;TN;;;10;341;0102;^7767;;;;COT_16
3937;3090;TCKT_BC_63;;;;;+3935,+3936;;;;;;;;;COT_16
3938;;TCKT_BC_63;C;^008;;TN;;;10;341;0102;^6800;;;;COT_16
3939;;TCKT_BC_63;N;^012|^013;;TN;;;10;341;0102;^6800;;;;COT_16
3940;3091;TCKT_BC_63;;;;;+3938,+3939;;;;;;;;;COT_16
3941;;TCKT_BC_63;C;^008;;TN;;;10;341;0102;^6752;;;;COT_16
3942;;TCKT_BC_63;N;^012|^013;;TN;;;10;341;0102;^6752;;;;COT_16
3943;3092;TCKT_BC_63;;;;;+3941,+3942;;;;;;;;;COT_16
3944;;TCKT_BC_63;C;^008;;TN;;;10;341;0102;^7017;;;;COT_16
3945;;TCKT_BC_63;N;^012|^013;;TN;;;10;341;0102;^7017;;;;COT_16
3946;3093;TCKT_BC_63;;;;;+3944,+3945;;;;;;;;;COT_16
3947;;TCKT_BC_63;C;^008;;TN;;;10;341;0102;;^704903|^704904;;;COT_16
3948;;TCKT_BC_63;N;^012|^013;;TN;;;10;341;0102;;^704903|^704904;;;COT_16
3949;3094;TCKT_BC_63;;;;;+3947,+3948;;;;;;;;;COT_16
3950;;TCKT_BC_63;C;^008;;TN;;;10;341;0102;^7756;^704999|^704904;;;COT_16
3951;;TCKT_BC_63;N;^012|^013;;TN;;;10;341;0102;^7756;^704999|^704904;;;COT_16
3952;3095;TCKT_BC_63;;;;;+3950,+3951;;;;;;;;;COT_16
3953;;TCKT_BC_63;C;^008;;TN;;;10;341;0102;^7004;;;;COT_16
3954;;TCKT_BC_63;N;^012|^013;;TN;;;10;341;0102;^7004;;;;COT_16
3955;3096;TCKT_BC_63;;;;;+3953,+3954;;;;;;;;;COT_16
3956;;TCKT_BC_63;C;^008;;TN;;;10;341;0102;^7763;;;;COT_16
3957;;TCKT_BC_63;N;^012|^013;;TN;;;10;341;0102;^7763;;;;COT_16
3958;3097;TCKT_BC_63;;;;;+3956,+3957;;;;;;;;;COT_16
3959;;TCKT_BC_63;C;^008;;TN;;;10;341;0102;^6758;;;;COT_16
3960;;TCKT_BC_63;N;^012|^013;;TN;;;10;341;0102;^6758;;;;COT_16
3961;3098;TCKT_BC_63;;;;;+3959,+3960;;;;;;;;;COT_16
3962;;TCKT_BC_63;C;^008;;TN;;;10;341;0102;^6956;;;;COT_16
3963;;TCKT_BC_63;N;^012|^013;;TN;;;10;341;0102;^6956;;;;COT_16
3964;3101;TCKT_BC_63;;;;;+3962,+3963;;;;;;;;;COT_16
3965;;TCKT_BC_63;C;^008;;TN;;;10;341;0102;^6912|^7053;;;;COT_16
3966;;TCKT_BC_63;N;^012|^013;;TN;;;10;341;0102;^6912|^7053;;;;COT_16
3967;3102;TCKT_BC_63;;;;;+3965,+3966;;;;;;;;;COT_16
3968;;TCKT_BC_63;C;^008;;TN;;;10;341;0102;^6605;;;;COT_16
3969;;TCKT_BC_63;N;^012|^013;;TN;;;10;341;0102;^6605;;;;COT_16
3970;3103;TCKT_BC_63;;;;;+3968,+3969;;;;;;;;;COT_16
3971;;TCKT_BC_63;C;^008;;TN;;;10;341;0102;^7054;;;;COT_16
3972;;TCKT_BC_63;N;^012|^013;;TN;;;10;341;0102;^7054;;;;COT_16
3973;3104;TCKT_BC_63;;;;;+3971,+3972;;;;;;;;;COT_16
3974;;TCKT_BC_63;C;^008;;TN;;;10;341;0102;^6951|^6952|^6953;;;;COT_16
3975;;TCKT_BC_63;N;^012|^013;;TN;;;10;341;0102;^6951|^6952|^6953;;;;COT_16
3976;3106;TCKT_BC_63;;;;;+3974,+3975;;;;;;;;;COT_16
3977;;TCKT_BC_63;C;^008;;TN;;;10;341;0102;;^695415;;;COT_16
3978;;TCKT_BC_63;N;^012|^013;;TN;;;10;341;0102;;^695415;;;COT_16
3979;3107;TCKT_BC_63;;;;;+3977,+3978;;;;;;;;;COT_16
3980;;TCKT_BC_63;C;^008;;TN;;;10;341;0102;^6999;;;;COT_16
3981;;TCKT_BC_63;N;^012|^013;;TN;;;10;341;0102;^6999;;;;COT_16
3982;3108;TCKT_BC_63;;;;;+3980,+3981;;;;;;;;;COT_16
3983;;TCKT_BC_63;C;^008;;TN;;;10;341;0102;;^695406;;;COT_16
3984;;TCKT_BC_63;N;^012|^013;;TN;;;10;341;0102;;^695406;;;COT_16
3985;3109;TCKT_BC_63;;;;;+3983,+3984;;;;;;;;;COT_16
3986;;TCKT_BC_63;C;^008;;TN;;;10;341;0102;;^695405;;;COT_16
3987;;TCKT_BC_63;N;^012|^013;;TN;;;10;341;0102;;^695405;;;COT_16
3988;3110;TCKT_BC_63;;;;;+3986,+3987;;;;;;;;;COT_16
3989;;TCKT_BC_63;C;^008;;TN;;;10;341;0102;;^695403;;;COT_16
3990;;TCKT_BC_63;N;^012|^013;;TN;;;10;341;0102;;^695403;;;COT_16
3991;3111;TCKT_BC_63;;;;;+3989,+3990;;;;;;;;;COT_16
3992;;TCKT_BC_63;C;^008;;TN;;;10;341;0102;;^695401;;;COT_16
3993;;TCKT_BC_63;N;^012|^013;;TN;;;10;341;0102;;^695401;;;COT_16
3994;3112;TCKT_BC_63;;;;;+3992,+3993;;;;;;;;;COT_16
3995;;TCKT_BC_63;C;^008;;TN;;;10;341;0102;;^695413;;;COT_16
3996;;TCKT_BC_63;N;^012|^013;;TN;;;10;341;0102;;^695413;;;COT_16
3997;3113;TCKT_BC_63;;;;;+3995,+3996;;;;;;;;;COT_16
3998;;TCKT_BC_63;C;^008;;TN;;;10;341;0102;;^695407;;;COT_16
3999;;TCKT_BC_63;N;^012|^013;;TN;;;10;341;0102;;^695407;;;COT_16
4000;3114;TCKT_BC_63;;;;;+3998,+3999;;;;;;;;;COT_16
4001;;TCKT_BC_63;C;^008;;TN;;;10;341;0102;;^695408|^695410|^695411|^695412;;;COT_16
4002;;TCKT_BC_63;N;^012|^013;;TN;;;10;341;0102;;^695408|^695410|^695411|^695412;;;COT_16
4003;3115;TCKT_BC_63;;;;;+4001,+4002;;;;;;;;;COT_16
4004;;TCKT_BC_63;C;^008;;TN;;;10;341;0102;^6950NOT^6956;;;;COT_16
4005;;TCKT_BC_63;N;^012|^013;;TN;;;10;341;0102;^6950NOT^6956;;;;COT_16
4006;3116;TCKT_BC_63;;;;;+4004,+4005,-4002,-4001,-3999,-3998,-3995,-3996,-3993,-3992,-3990,-3989,-3987,-3986,-3984,-3983,-3981,-3980,-3978,-3977,-3975,-3974;;;;;;;;;COT_16
4007;;TCKT_BC_63;C;^008;;TN;;;10;341;0102;^6901|^6902|^6903;;;;COT_16
4008;;TCKT_BC_63;N;^012|^013;;TN;;;10;341;0102;^6901|^6902|^6903;;;;COT_16
4009;3118;TCKT_BC_63;;;;;+4007,+4008;;;;;;;;;COT_16
4010;;TCKT_BC_63;C;^008;;TN;;;10;341;0102;;^690501;;;COT_16
4011;;TCKT_BC_63;N;^012|^013;;TN;;;10;341;0102;;^690501;;;COT_16
4012;3119;TCKT_BC_63;;;;;+4010,+4011;;;;;;;;;COT_16
4013;;TCKT_BC_63;C;^008;;TN;;;10;341;0102;;^690502;;;COT_16
4014;;TCKT_BC_63;N;^012|^013;;TN;;;10;341;0102;;^690502;;;COT_16
4015;3120;TCKT_BC_63;;;;;+4013,+4014;;;;;;;;;COT_16
4016;;TCKT_BC_63;C;^008;;TN;;;10;341;0102;;^690505;;;COT_16
4017;;TCKT_BC_63;N;^012|^013;;TN;;;10;341;0102;;^690505;;;COT_16
4018;3121;TCKT_BC_63;;;;;+4016,+4017;;;;;;;;;COT_16
4019;;TCKT_BC_63;C;^008;;TN;;;10;341;0102;;^690503;;;COT_16
4020;;TCKT_BC_63;N;^012|^013;;TN;;;10;341;0102;;^690503;;;COT_16
4021;3122;TCKT_BC_63;;;;;+4019,+4020;;;;;;;;;COT_16
4022;;TCKT_BC_63;C;^008;;TN;;;10;341;0102;;^690506;;;COT_16
4023;;TCKT_BC_63;N;^012|^013;;TN;;;10;341;0102;;^690506;;;COT_16
4024;3123;TCKT_BC_63;;;;;+4022,+4023;;;;;;;;;COT_16
4025;;TCKT_BC_63;C;^008;;TN;;;10;341;0102;;^690513;;;COT_16
4026;;TCKT_BC_63;N;^012|^013;;TN;;;10;341;0102;;^690513;;;COT_16
4027;3124;TCKT_BC_63;;;;;+4025,+4026;;;;;;;;;COT_16
4028;;TCKT_BC_63;C;^008;;TN;;;10;341;0102;;^690507;;;COT_16
4029;;TCKT_BC_63;N;^012|^013;;TN;;;10;341;0102;;^690507;;;COT_16
4030;3125;TCKT_BC_63;;;;;+4028,+4029;;;;;;;;;COT_16
4031;;TCKT_BC_63;C;^008;;TN;;;10;341;0102;;^690510;;;COT_16
4032;;TCKT_BC_63;N;^012|^013;;TN;;;10;341;0102;;^690510;;;COT_16
4033;3126;TCKT_BC_63;;;;;+4031,+4032;;;;;;;;;COT_16
4034;;TCKT_BC_63;C;^008;;TN;;;10;341;0102;;^691308;;;COT_16
4035;;TCKT_BC_63;N;^012|^013;;TN;;;10;341;0102;;^691308;;;COT_16
4036;3128;TCKT_BC_63;;;;;+4034,+4035;;;;;;;;;COT_16
4037;;TCKT_BC_63;C;^008;;TN;;;10;341;0102;;^690504;;;COT_16
4038;;TCKT_BC_63;N;^012|^013;;TN;;;10;341;0102;;^690504;;;COT_16
4039;3129;TCKT_BC_63;;;;;+4037,+4038;;;;;;;;;COT_16
4040;;TCKT_BC_63;C;^008;;TN;;;10;341;0102;;^691309;;;COT_16
4041;;TCKT_BC_63;N;^012|^013;;TN;;;10;341;0102;;^691309;;;COT_16
4042;3130;TCKT_BC_63;;;;;+4040,+4041;;;;;;;;;COT_16
4043;;TCKT_BC_63;C;^008;;TN;;;10;341;0102;^6900NOT^6912;;;;COT_16
4044;;TCKT_BC_63;N;^012|^013;;TN;;;10;341;0102;^6900NOT^6912;;;;COT_16
4045;3131;TCKT_BC_63;;;;;+4044,+4043,-4007,-4008,-4010,-4011,-4013,-4014,-4016,-4017,-4019,-4020,-4022,-4023,-4025,-4026,-4028,-4029,-4031,-4032,-4034,-4035,-4037,-4038,-4040,-4041;;;;;;;;;COT_16
4046;;TCKT_BC_63;C;^008;;TN;;;10;341;;;;^02010000;;COT_16
4047;;TCKT_BC_63;N;^012|^013;;TN;;;10;341;;;;^02010000;;COT_16
4048;3132;TCKT_BC_63;;;;;+4046,+4047;;;;;;;;;COT_16
4049;;TCKT_BC_63;C;^008;;TN;;;10;341;;;;^02020000;;COT_16
4050;;TCKT_BC_63;N;^012|^013;;TN;;;10;341;;;;^02020000;;COT_16
4051;3133;TCKT_BC_63;;;;;+4050,+4039;;;;;;;;;COT_16
4052;3081;TCKT_BC_63;C;^008/d/d2|^012|^013;;TN;;13,14,17,19;10;341;0101;;;;;COT_17
4053;3082;TCKT_BC_63;C;^008/d/d2|^012|^013;;TN;;13,14,17,19;10;341;0102;;;;;COT_17
4054;3083;TCKT_BC_63;C;^008/d/d2|^012|^013;;TN;;13,14,17,19;10;341;0102;^6105;;;;COT_17
4055;3084;TCKT_BC_63;C;^008/d/d2|^012|^013;;TN;;13,14,17,19;10;341;0102;^6253;;;;COT_17
4056;3085;TCKT_BC_63;C;^008/d/d2|^012|^013;;TN;;13,14,17,19;10;341;0102;^6503;;;;COT_17
4057;3086;TCKT_BC_63;C;^008/d/d2|^012|^013;;TN;;13,14,17,19;10;341;0102;^7757;;;;COT_17
4058;3087;TCKT_BC_63;C;^008/d/d2|^012|^013;;TN;;13,14,17,19;10;341;0102;^7001;;;;COT_17
4059;3088;TCKT_BC_63;C;^008/d/d2|^012|^013;;TN;;13,14,17,19;10;341;0102;^6503|^6701|^6702|^6703|^6704|^7008;;;;COT_17
4060;3090;TCKT_BC_63;C;^008/d/d2|^012|^013;;TN;;13,14,17,19;10;341;0102;^7767;;;;COT_17
4061;3091;TCKT_BC_63;C;^008/d/d2|^012|^013;;TN;;13,14,17,19;10;341;0102;^6800;;;;COT_17
4062;3092;TCKT_BC_63;C;^008/d/d2|^012|^013;;TN;;13,14,17,19;10;341;0102;^6752;;;;COT_17
4063;3093;TCKT_BC_63;C;^008/d/d2|^012|^013;;TN;;13,14,17,19;10;341;0102;^7017;;;;COT_17
4064;3094;TCKT_BC_63;C;^008/d/d2|^012|^013;;TN;;13,14,17,19;10;341;0102;;^704903|^704904;;;COT_17
4065;3095;TCKT_BC_63;C;^008/d/d2|^012|^013;;TN;;13,14,17,19;10;341;0102;^7756;^704999|^704904;;;COT_17
4066;3096;TCKT_BC_63;C;^008/d/d2|^012|^013;;TN;;13,14,17,19;10;341;0102;^7004;;;;COT_17
4067;3097;TCKT_BC_63;C;^008/d/d2|^012|^013;;TN;;13,14,17,19;10;341;0102;^7763;;;;COT_17
4068;3098;TCKT_BC_63;C;^008/d/d2|^012|^013;;TN;;13,14,17,19;10;341;0102;^6758;;;;COT_17
4069;3101;TCKT_BC_63;C;^008/d/d2|^012|^013;;TN;;13,14,17,19;10;341;0102;^6956;;;;COT_17
4070;3102;TCKT_BC_63;C;^008/d/d2|^012|^013;;TN;;13,14,17,19;10;341;0102;^6912|^7053;;;;COT_17
4071;3103;TCKT_BC_63;C;^008/d/d2|^012|^013;;TN;;13,14,17,19;10;341;0102;^6605;;;;COT_17
4072;3104;TCKT_BC_63;C;^008/d/d2|^012|^013;;TN;;13,14,17,19;10;341;0102;^7054;;;;COT_17
4073;3106;TCKT_BC_63;C;^008/d/d2|^012|^013;;TN;;13,14,17,19;10;341;0102;^6951|^6952|^6953;;;;COT_17
4074;3107;TCKT_BC_63;C;^008/d/d2|^012|^013;;TN;;13,14,17,19;10;341;0102;;^695415;;;COT_17
4075;3108;TCKT_BC_63;C;^008/d/d2|^012|^013;;TN;;13,14,17,19;10;341;0102;^6999;;;;COT_17
4076;3109;TCKT_BC_63;C;^008/d/d2|^012|^013;;TN;;13,14,17,19;10;341;0102;;^695406;;;COT_17
4077;3110;TCKT_BC_63;C;^008/d/d2|^012|^013;;TN;;13,14,17,19;10;341;0102;;^695405;;;COT_17
4078;3111;TCKT_BC_63;C;^008/d/d2|^012|^013;;TN;;13,14,17,19;10;341;0102;;^695403;;;COT_17
4079;3112;TCKT_BC_63;C;^008/d/d2|^012|^013;;TN;;13,14,17,19;10;341;0102;;^695401;;;COT_17
4080;3113;TCKT_BC_63;C;^008/d/d2|^012|^013;;TN;;13,14,17,19;10;341;0102;;^695413;;;COT_17
4081;3114;TCKT_BC_63;C;^008/d/d2|^012|^013;;TN;;13,14,17,19;10;341;0102;;^695407;;;COT_17
4082;3115;TCKT_BC_63;C;^008/d/d2|^012|^013;;TN;;13,14,17,19;10;341;0102;;^695408|^695410|^695411|^695412;;;COT_17
4083;;TCKT_BC_63;C;^008/d/d2|^012|^013;;TN;;13,14,17,19;10;341;0102;^6950NOT^6956;;;;COT_17
4084;3116;TCKT_BC_63;C;;;;+4083,-4073,-4074,-4075,-4076,-4082,-4081,-4080,-4079,-4078,-4077;;;;;;;;;COT_17
4085;3118;TCKT_BC_63;C;^008/d/d2|^012|^013;;TN;;13,14,17,19;10;341;0102;^6901|^6902|^6903;;;;COT_17
4086;3119;TCKT_BC_63;C;^008/d/d2|^012|^013;;TN;;13,14,17,19;10;341;0102;;^690501;;;COT_17
4087;3120;TCKT_BC_63;C;^008/d/d2|^012|^013;;TN;;13,14,17,19;10;341;0102;;^690502;;;COT_17
4088;3121;TCKT_BC_63;C;^008/d/d2|^012|^013;;TN;;13,14,17,19;10;341;0102;;^690505;;;COT_17
4089;3122;TCKT_BC_63;C;^008/d/d2|^012|^013;;TN;;13,14,17,19;10;341;0102;;^690503;;;COT_17
4090;3123;TCKT_BC_63;C;^008/d/d2|^012|^013;;TN;;13,14,17,19;10;341;0102;;^690506;;;COT_17
4091;3124;TCKT_BC_63;C;^008/d/d2|^012|^013;;TN;;13,14,17,19;10;341;0102;;^690513;;;COT_17
4092;3125;TCKT_BC_63;C;^008/d/d2|^012|^013;;TN;;13,14,17,19;10;341;0102;;^690507;;;COT_17
4093;3126;TCKT_BC_63;C;^008/d/d2|^012|^013;;TN;;13,14,17,19;10;341;0102;;^690510;;;COT_17
4094;3128;TCKT_BC_63;C;^008/d/d2|^012|^013;;TN;;13,14,17,19;10;341;0102;;^691308;;;COT_17
4095;3129;TCKT_BC_63;C;^008/d/d2|^012|^013;;TN;;13,14,17,19;10;341;0102;;^690504;;;COT_17
4096;3130;TCKT_BC_63;C;^008/d/d2|^012|^013;;TN;;13,14,17,19;10;341;0102;;^691309;;;COT_17
4097;;TCKT_BC_63;C;^008/d/d2|^012|^013;;TN;;13,14,17,19;10;341;0102;^6900NOT^6912;;;;COT_17
4098;3131;TCKT_BC_63;C;;;;+4097,-4085,-4086,-4087,-4088,-4089,-4090,-4091,-4092,-4093,-4094,-4095,-4096;;;;;;;;;COT_17
4099;3132;TCKT_BC_63;C;^008/d/d2|^012|^013;;TN;;13,14,17,19;10;341;;;;^02010000;2;COT_17
4100;3133;TCKT_BC_63;C;^008/d/d2|^012|^013;;TN;;13,14,17,19;10;341;;;;^02020000;1;COT_17
4101;;TCKT_BC_63;C;^008/d/d2;;TN;;19;10;341;0101;;;;;COT_19
4102;;TCKT_BC_63;N;^012|^013;;TN;;19;10;341;0101;;;;;COT_19
4103;3081;TCKT_BC_63;;;;;+4101,+4102;;;;;;;;;COT_19
4104;;TCKT_BC_63;C;^008/d/d2;;TN;;19;10;341;0102;;;;;COT_19
4105;;TCKT_BC_63;N;^012|^013;;TN;;19;10;341;0102;;;;;COT_19
4106;3082;TCKT_BC_63;;;;;+4104,+4105;;;;;;;;;COT_19
4107;;TCKT_BC_63;C;^008/d/d2;;TN;;19;10;341;0102;^6105;;;;COT_19
4108;;TCKT_BC_63;N;^012|^013;;TN;;19;10;341;0102;^6105;;;;COT_19
4109;3083;TCKT_BC_63;;;;;+4107,+4108;;;;;;;;;COT_19
4110;;TCKT_BC_63;C;^008/d/d2;;TN;;19;10;341;0102;^6253;;;;COT_19
4111;;TCKT_BC_63;N;^012|^013;;TN;;19;10;341;0102;^6253;;;;COT_19
4112;3084;TCKT_BC_63;;;;;+4110,+4111;;;;;;;;;COT_19
4113;;TCKT_BC_63;C;^008/d/d2;;TN;;19;10;341;0102;^6503;;;;COT_19
4114;;TCKT_BC_63;N;^012|^013;;TN;;19;10;341;0102;^6503;;;;COT_19
4115;3085;TCKT_BC_63;;;;;+4113,+4114;;;;;;;;;COT_19
4116;;TCKT_BC_63;C;^008/d/d2;;TN;;19;10;341;0102;^7757;;;;COT_19
4117;;TCKT_BC_63;N;^012|^013;;TN;;19;10;341;0102;^7757;;;;COT_19
4118;3086;TCKT_BC_63;;;;;+4116,+4117;;;;;;;;;COT_19
4119;;TCKT_BC_63;C;^008/d/d2;;TN;;19;10;341;0102;^7001;;;;COT_19
4120;;TCKT_BC_63;N;^012|^013;;TN;;19;10;341;0102;^7001;;;;COT_19
4121;3087;TCKT_BC_63;;;;;+4119,+4120;;;;;;;;;COT_19
4122;;TCKT_BC_63;C;^008/d/d2;;TN;;19;10;341;0102;^6503|^6701|^6702|^6703|^6704|^7008;;;;COT_19
4123;;TCKT_BC_63;N;^012|^013;;TN;;19;10;341;0102;^6503|^6701|^6702|^6703|^6704|^7008;;;;COT_19
4124;3088;TCKT_BC_63;;;;;+4122,+4123;;;;;;;;;COT_19
4125;;TCKT_BC_63;C;^008/d/d2;;TN;;19;10;341;0102;^7767;;;;COT_19
4126;;TCKT_BC_63;N;^012|^013;;TN;;19;10;341;0102;^7767;;;;COT_19
4127;3090;TCKT_BC_63;;;;;+4125,+4126;;;;;;;;;COT_19
4128;;TCKT_BC_63;C;^008/d/d2;;TN;;19;10;341;0102;^6800;;;;COT_19
4129;;TCKT_BC_63;N;^012|^013;;TN;;19;10;341;0102;^6800;;;;COT_19
4130;3091;TCKT_BC_63;;;;;+4128,+4129;;;;;;;;;COT_19
4131;;TCKT_BC_63;C;^008/d/d2;;TN;;19;10;341;0102;^6752;;;;COT_19
4132;;TCKT_BC_63;N;^012|^013;;TN;;19;10;341;0102;^6752;;;;COT_19
4133;3092;TCKT_BC_63;;;;;+4131,+4132;;;;;;;;;COT_19
4134;;TCKT_BC_63;C;^008/d/d2;;TN;;19;10;341;0102;^7017;;;;COT_19
4135;;TCKT_BC_63;N;^012|^013;;TN;;19;10;341;0102;^7017;;;;COT_19
4136;3093;TCKT_BC_63;;;;;+4134,+4135;;;;;;;;;COT_19
4137;;TCKT_BC_63;C;^008/d/d2;;TN;;19;10;341;0102;;^704903|^704904;;;COT_19
4138;;TCKT_BC_63;N;^012|^013;;TN;;19;10;341;0102;;^704903|^704904;;;COT_19
4139;3094;TCKT_BC_63;;;;;+4137,+4138;;;;;;;;;COT_19
4140;;TCKT_BC_63;C;^008/d/d2;;TN;;19;10;341;0102;^7756;^704999|^704904;;;COT_19
4141;;TCKT_BC_63;N;^012|^013;;TN;;19;10;341;0102;^7756;^704999|^704904;;;COT_19
4142;3095;TCKT_BC_63;;;;;+4140,+4141;;;;;;;;;COT_19
4143;;TCKT_BC_63;C;^008/d/d2;;TN;;19;10;341;0102;^7004;;;;COT_19
4144;;TCKT_BC_63;N;^012|^013;;TN;;19;10;341;0102;^7004;;;;COT_19
4145;3096;TCKT_BC_63;;;;;+4143,+4144;;;;;;;;;COT_19
4146;;TCKT_BC_63;C;^008/d/d2;;TN;;19;10;341;0102;^7763;;;;COT_19
4147;;TCKT_BC_63;N;^012|^013;;TN;;19;10;341;0102;^7763;;;;COT_19
4148;3097;TCKT_BC_63;;;;;+4146,+4147;;;;;;;;;COT_19
4149;;TCKT_BC_63;C;^008/d/d2;;TN;;19;10;341;0102;^6758;;;;COT_19
4150;;TCKT_BC_63;N;^012|^013;;TN;;19;10;341;0102;^6758;;;;COT_19
4151;3098;TCKT_BC_63;;;;;+4149,+4150;;;;;;;;;COT_19
4152;;TCKT_BC_63;C;^008/d/d2;;TN;;19;10;341;0102;^6956;;;;COT_19
4153;;TCKT_BC_63;N;^012|^013;;TN;;19;10;341;0102;^6956;;;;COT_19
4154;3101;TCKT_BC_63;;;;;+4152,+4153;;;;;;;;;COT_19
4155;;TCKT_BC_63;C;^008/d/d2;;TN;;19;10;341;0102;^6912|^7053;;;;COT_19
4156;;TCKT_BC_63;N;^012|^013;;TN;;19;10;341;0102;^6912|^7053;;;;COT_19
4157;3102;TCKT_BC_63;;;;;+4155,+4156;;;;;;;;;COT_19
4158;;TCKT_BC_63;C;^008/d/d2;;TN;;19;10;341;0102;^6605;;;;COT_19
4159;;TCKT_BC_63;N;^012|^013;;TN;;19;10;341;0102;^6605;;;;COT_19
4160;3103;TCKT_BC_63;;;;;+4158,+4159;;;;;;;;;COT_19
4161;;TCKT_BC_63;C;^008/d/d2;;TN;;19;10;341;0102;^7054;;;;COT_19
4162;;TCKT_BC_63;N;^012|^013;;TN;;19;10;341;0102;^7054;;;;COT_19
4163;3104;TCKT_BC_63;;;;;+4161,+4162;;;;;;;;;COT_19
4164;;TCKT_BC_63;C;^008/d/d2;;TN;;19;10;341;0102;^6951|^6952|^6953;;;;COT_19
4165;;TCKT_BC_63;N;^012|^013;;TN;;19;10;341;0102;^6951|^6952|^6953;;;;COT_19
4166;3106;TCKT_BC_63;;;;;+4164,+4165;;;;;;;;;COT_19
4167;;TCKT_BC_63;C;^008/d/d2;;TN;;19;10;341;0102;;^695415;;;COT_19
4168;;TCKT_BC_63;N;^012|^013;;TN;;19;10;341;0102;;^695415;;;COT_19
4169;3107;TCKT_BC_63;;;;;+4167,+4168;;;;;;;;;COT_19
4170;;TCKT_BC_63;C;^008/d/d2;;TN;;19;10;341;0102;^6999;;;;COT_19
4171;;TCKT_BC_63;N;^012|^013;;TN;;19;10;341;0102;^6999;;;;COT_19
4172;3108;TCKT_BC_63;;;;;+4170,+4171;;;;;;;;;COT_19
4173;;TCKT_BC_63;C;^008/d/d2;;TN;;19;10;341;0102;;^695406;;;COT_19
4174;;TCKT_BC_63;N;^012|^013;;TN;;19;10;341;0102;;^695406;;;COT_19
4175;3109;TCKT_BC_63;;;;;+4173,+4174;;;;;;;;;COT_19
4176;;TCKT_BC_63;C;^008/d/d2;;TN;;19;10;341;0102;;^695405;;;COT_19
4177;;TCKT_BC_63;N;^012|^013;;TN;;19;10;341;0102;;^695405;;;COT_19
4178;3110;TCKT_BC_63;;;;;+4176,+4177;;;;;;;;;COT_19
4179;;TCKT_BC_63;C;^008/d/d2;;TN;;19;10;341;0102;;^695403;;;COT_19
4180;;TCKT_BC_63;N;^012|^013;;TN;;19;10;341;0102;;^695403;;;COT_19
4181;3111;TCKT_BC_63;;;;;+4179,+4180;;;;;;;;;COT_19
4182;;TCKT_BC_63;C;^008/d/d2;;TN;;19;10;341;0102;;^695401;;;COT_19
4183;;TCKT_BC_63;N;^012|^013;;TN;;19;10;341;0102;;^695401;;;COT_19
4184;3112;TCKT_BC_63;;;;;+4182,+4183;;;;;;;;;COT_19
4185;;TCKT_BC_63;C;^008/d/d2;;TN;;19;10;341;0102;;^695413;;;COT_19
4186;;TCKT_BC_63;N;^012|^013;;TN;;19;10;341;0102;;^695413;;;COT_19
4187;3113;TCKT_BC_63;;;;;+4185,+4186;;;;;;;;;COT_19
4188;;TCKT_BC_63;C;^008/d/d2;;TN;;19;10;341;0102;;^695407;;;COT_19
4189;;TCKT_BC_63;N;^012|^013;;TN;;19;10;341;0102;;^695407;;;COT_19
4190;3114;TCKT_BC_63;;;;;+4188,+4189;;;;;;;;;COT_19
4191;;TCKT_BC_63;C;^008/d/d2;;TN;;19;10;341;0102;;^695408|^695410|^695411|^695412;;;COT_19
4192;;TCKT_BC_63;N;^012|^013;;TN;;19;10;341;0102;;^695408|^695410|^695411|^695412;;;COT_19
4193;3115;TCKT_BC_63;;;;;+4191,+4192;;;;;;;;;COT_19
4194;;TCKT_BC_63;C;^008/d/d2;;TN;;19;10;341;0102;^6950NOT^6956;;;;COT_19
4195;;TCKT_BC_63;N;^012|^013;;TN;;19;10;341;0102;^6950NOT^6956;;;;COT_19
4196;3116;TCKT_BC_63;;;;;+4194,+4195,-4192,-4191,-4189,-4188,-4185,-4186,-4183,-4182,-4180,-4179,-4177,-4176,-4174,-4173,-4171,-4170,-4168,-4167,-4165,-4164;;;;;;;;;COT_19
4197;;TCKT_BC_63;C;^008/d/d2;;TN;;19;10;341;0102;^6901|^6902|^6903;;;;COT_19
4198;;TCKT_BC_63;N;^012|^013;;TN;;19;10;341;0102;^6901|^6902|^6903;;;;COT_19
4199;3118;TCKT_BC_63;;;;;+4197,+4198;;;;;;;;;COT_19
4200;;TCKT_BC_63;C;^008/d/d2;;TN;;19;10;341;0102;;^690501;;;COT_19
4201;;TCKT_BC_63;N;^012|^013;;TN;;19;10;341;0102;;^690501;;;COT_19
4202;3119;TCKT_BC_63;;;;;+4200,+4201;;;;;;;;;COT_19
4203;;TCKT_BC_63;C;^008/d/d2;;TN;;19;10;341;0102;;^690502;;;COT_19
4204;;TCKT_BC_63;N;^012|^013;;TN;;19;10;341;0102;;^690502;;;COT_19
4205;3120;TCKT_BC_63;;;;;+4203,+4204;;;;;;;;;COT_19
4206;;TCKT_BC_63;C;^008/d/d2;;TN;;19;10;341;0102;;^690505;;;COT_19
4207;;TCKT_BC_63;N;^012|^013;;TN;;19;10;341;0102;;^690505;;;COT_19
4208;3121;TCKT_BC_63;;;;;+4206,+4207;;;;;;;;;COT_19
4209;;TCKT_BC_63;C;^008/d/d2;;TN;;19;10;341;0102;;^690503;;;COT_19
4210;;TCKT_BC_63;N;^012|^013;;TN;;19;10;341;0102;;^690503;;;COT_19
4211;3122;TCKT_BC_63;;;;;+4209,+4200;;;;;;;;;COT_19
4212;;TCKT_BC_63;C;^008/d/d2;;TN;;19;10;341;0102;;^690506;;;COT_19
4213;;TCKT_BC_63;N;^012|^013;;TN;;19;10;341;0102;;^690506;;;COT_19
4214;3123;TCKT_BC_63;;;;;+4212,+4213;;;;;;;;;COT_19
4215;;TCKT_BC_63;C;^008/d/d2;;TN;;19;10;341;0102;;^690513;;;COT_19
4216;;TCKT_BC_63;N;^012|^013;;TN;;19;10;341;0102;;^690513;;;COT_19
4217;3124;TCKT_BC_63;;;;;+4215,+4216;;;;;;;;;COT_19
4218;;TCKT_BC_63;C;^008/d/d2;;TN;;19;10;341;0102;;^690507;;;COT_19
4219;;TCKT_BC_63;N;^012|^013;;TN;;19;10;341;0102;;^690507;;;COT_19
4220;3125;TCKT_BC_63;;;;;+4218,+4219;;;;;;;;;COT_19
4221;;TCKT_BC_63;C;^008/d/d2;;TN;;19;10;341;0102;;^690510;;;COT_19
4222;;TCKT_BC_63;N;^012|^013;;TN;;19;10;341;0102;;^690510;;;COT_19
4223;3126;TCKT_BC_63;;;;;+4221,+4222;;;;;;;;;COT_19
4224;;TCKT_BC_63;C;^008/d/d2;;TN;;19;10;341;0102;;^691308;;;COT_19
4225;;TCKT_BC_63;N;^012|^013;;TN;;19;10;341;0102;;^691308;;;COT_19
4226;3128;TCKT_BC_63;;;;;+4224,+4225;;;;;;;;;COT_19
4227;;TCKT_BC_63;C;^008/d/d2;;TN;;19;10;341;0102;;^690504;;;COT_19
4228;;TCKT_BC_63;N;^012|^013;;TN;;19;10;341;0102;;^690504;;;COT_19
4229;3129;TCKT_BC_63;;;;;+4227,+4228;;;;;;;;;COT_19
4230;;TCKT_BC_63;C;^008/d/d2;;TN;;19;10;341;0102;;^691309;;;COT_19
4231;;TCKT_BC_63;N;^012|^013;;TN;;19;10;341;0102;;^691309;;;COT_19
4232;3130;TCKT_BC_63;;;;;+4230,+4231;;;;;;;;;COT_19
4233;;TCKT_BC_63;C;^008/d/d2;;TN;;19;10;341;0102;^6900NOT^6912;;;;COT_19
4234;;TCKT_BC_63;N;^012|^013;;TN;;19;10;341;0102;^6900NOT^6912;;;;COT_19
4235;3131;TCKT_BC_63;;;;;+4234,+4233,-4197,-4198,-4200,-4201,-4203,-4204,-4206,-4207,-4209,-4210,-4212,-4213,-4215,-4216,-4218,-4219,-4221,-4222,-4224,-4225,-4227,-4228,-4230,-4231;;;;;;;;;COT_19
4236;;TCKT_BC_63;C;^008/d/d2;;TN;;19;10;341;;;;^02010000;;COT_19
4237;;TCKT_BC_63;N;^012|^013;;TN;;19;10;341;;;;^02010000;;COT_19
4238;3132;TCKT_BC_63;;;;;+4236,+4237;;;;;;;;;COT_19
4239;;TCKT_BC_63;C;^008/d/d2;;TN;;19;10;341;;;;^02020000;;COT_19
4240;;TCKT_BC_63;N;^012|^013;;TN;;19;10;341;;;;^02020000;;COT_19
4241;3133;TCKT_BC_63;;;;;+4240,+4239;;;;;;;;;COT_19
4242;3081;TCKT_BC_63;N-C;^008;;<CN;;;10;341;0101;;;;;COT_23
4243;3082;TCKT_BC_63;N-C;^008;;<CN;;;10;341;0102;;;;;COT_23
4244;3083;TCKT_BC_63;N-C;^008;;<CN;;;10;341;0102;^6105;;;;COT_23
4245;3084;TCKT_BC_63;N-C;^008;;<CN;;;10;341;0102;^6253;;;;COT_23
4246;3085;TCKT_BC_63;N-C;^008;;<CN;;;10;341;0102;^6503;;;;COT_23
4247;3086;TCKT_BC_63;N-C;^008;;<CN;;;10;341;0102;^7757;;;;COT_23
4248;3087;TCKT_BC_63;N-C;^008;;<CN;;;10;341;0102;^7001;;;;COT_23
4249;3088;TCKT_BC_63;N-C;^008;;<CN;;;10;341;0102;^6503|^6701|^6702|^6703|^6704|^7008;;;;COT_23
4250;3090;TCKT_BC_63;N-C;^008;;<CN;;;10;341;0102;^7767;;;;COT_23
4251;3091;TCKT_BC_63;N-C;^008;;<CN;;;10;341;0102;^6800;;;;COT_23
4252;3092;TCKT_BC_63;N-C;^008;;<CN;;;10;341;0102;^6752;;;;COT_23
4253;3093;TCKT_BC_63;N-C;^008;;<CN;;;10;341;0102;^7017;;;;COT_23
4254;3094;TCKT_BC_63;N-C;^008;;<CN;;;10;341;0102;;^704903|^704904;;;COT_23
4255;3095;TCKT_BC_63;N-C;^008;;<CN;;;10;341;0102;^7756;^704999|^704904;;;COT_23
4256;3096;TCKT_BC_63;N-C;^008;;<CN;;;10;341;0102;^7004;;;;COT_23
4257;3097;TCKT_BC_63;N-C;^008;;<CN;;;10;341;0102;^7763;;;;COT_23
4258;3098;TCKT_BC_63;N-C;^008;;<CN;;;10;341;0102;^6758;;;;COT_23
4259;3101;TCKT_BC_63;N-C;^008;;<CN;;;10;341;0102;^6956;;;;COT_23
4260;3102;TCKT_BC_63;N-C;^008;;<CN;;;10;341;0102;^6912|^7053;;;;COT_23
4261;3103;TCKT_BC_63;N-C;^008;;<CN;;;10;341;0102;^6605;;;;COT_23
4262;3104;TCKT_BC_63;N-C;^008;;<CN;;;10;341;0102;^7054;;;;COT_23
4263;3106;TCKT_BC_63;N-C;^008;;<CN;;;10;341;0102;^6951|^6952|^6953;;;;COT_23
4264;3107;TCKT_BC_63;N-C;^008;;<CN;;;10;341;0102;;^695415;;;COT_23
4265;3108;TCKT_BC_63;N-C;^008;;<CN;;;10;341;0102;^6999;;;;COT_23
4266;3109;TCKT_BC_63;N-C;^008;;<CN;;;10;341;0102;;^695406;;;COT_23
4267;3110;TCKT_BC_63;N-C;^008;;<CN;;;10;341;0102;;^695405;;;COT_23
4268;3111;TCKT_BC_63;N-C;^008;;<CN;;;10;341;0102;;^695403;;;COT_23
4269;3112;TCKT_BC_63;N-C;^008;;<CN;;;10;341;0102;;^695401;;;COT_23
4270;3113;TCKT_BC_63;N-C;^008;;<CN;;;10;341;0102;;^695413;;;COT_23
4271;3114;TCKT_BC_63;N-C;^008;;<CN;;;10;341;0102;;^695407;;;COT_23
4272;3115;TCKT_BC_63;N-C;^008;;<CN;;;10;341;0102;;^695408|^695410|^695411|^695412;;;COT_23
4273;;TCKT_BC_63;N-C;^008;;<CN;;;10;341;0102;^6950NOT^6956;;;;COT_23
4274;3116;TCKT_BC_63;;;;;+4273,-4263,-4264,-4265,-4266,-4272,-4271,-4270,-4269,-4268,-4267;;;;;;;;;COT_23
4275;3118;TCKT_BC_63;N-C;^008;;<CN;;;10;341;0102;^6901|^6902|^6903;;;;COT_23
4276;3119;TCKT_BC_63;N-C;^008;;<CN;;;10;341;0102;;^690501;;;COT_23
4277;3120;TCKT_BC_63;N-C;^008;;<CN;;;10;341;0102;;^690502;;;COT_23
4278;3121;TCKT_BC_63;N-C;^008;;<CN;;;10;341;0102;;^690505;;;COT_23
4279;3122;TCKT_BC_63;N-C;^008;;<CN;;;10;341;0102;;^690503;;;COT_23
4280;3123;TCKT_BC_63;N-C;^008;;<CN;;;10;341;0102;;^690506;;;COT_23
4281;3124;TCKT_BC_63;N-C;^008;;<CN;;;10;341;0102;;^690513;;;COT_23
4282;3125;TCKT_BC_63;N-C;^008;;<CN;;;10;341;0102;;^690507;;;COT_23
4283;3126;TCKT_BC_63;N-C;^008;;<CN;;;10;341;0102;;^690510;;;COT_23
4284;3128;TCKT_BC_63;N-C;^008;;<CN;;;10;341;0102;;^691308;;;COT_23
4285;3129;TCKT_BC_63;N-C;^008;;<CN;;;10;341;0102;;^690504;;;COT_23
4286;3130;TCKT_BC_63;N-C;^008;;<CN;;;10;341;0102;;^691309;;;COT_23
4287;;TCKT_BC_63;N-C;^008;;<CN;;;10;341;0102;^6900NOT^6912;;;;COT_23
4288;3131;TCKT_BC_63;;;;;+4287,-4275,-4276,-4277,-4278,-4279,-4280,-4281,-4282,-4283,-4284,-4285,-4286;;;;;;;;;COT_23
4289;3132;TCKT_BC_63;N-C;^008;;<CN;;;10;341;;;;^02010000;2;COT_23
4290;3133;TCKT_BC_63;N-C;^008;;<CN;;;10;341;;;;^02020000;1;COT_23
4291;;TCKT_BC_63;C;^008/d/d1;;<CN;;;10;341;0101;;;;;COT_24
4292;;TCKT_BC_63;N-C;^012|^013;;<CN;;;10;341;0101;;;;;COT_24
4293;3081;TCKT_BC_63;;;;;+4291,+4292;;;;;;;;;COT_24
4294;;TCKT_BC_63;C;^008/d/d1;;<CN;;;10;341;0102;;;;;COT_24
4295;;TCKT_BC_63;N-C;^012|^013;;<CN;;;10;341;0102;;;;;COT_24
4296;3082;TCKT_BC_63;;;;;+4294,+4295;;;;;;;;;COT_24
4297;;TCKT_BC_63;C;^008/d/d1;;<CN;;;10;341;0102;^6105;;;;COT_24
4298;;TCKT_BC_63;N-C;^012|^013;;<CN;;;10;341;0102;^6105;;;;COT_24
4299;3083;TCKT_BC_63;;;;;+4297,+4298;;;;;;;;;COT_24
4300;;TCKT_BC_63;C;^008/d/d1;;<CN;;;10;341;0102;^6253;;;;COT_24
4301;;TCKT_BC_63;N-C;^012|^013;;<CN;;;10;341;0102;^6253;;;;COT_24
4302;3084;TCKT_BC_63;;;;;+4300,+4301;;;;;;;;;COT_24
4303;;TCKT_BC_63;C;^008/d/d1;;<CN;;;10;341;0102;^6503;;;;COT_24
4304;;TCKT_BC_63;N-C;^012|^013;;<CN;;;10;341;0102;^6503;;;;COT_24
4305;3085;TCKT_BC_63;;;;;+4303,+4304;;;;;;;;;COT_24
4306;;TCKT_BC_63;C;^008/d/d1;;<CN;;;10;341;0102;^7757;;;;COT_24
4307;;TCKT_BC_63;N-C;^012|^013;;<CN;;;10;341;0102;^7757;;;;COT_24
4308;3086;TCKT_BC_63;;;;;+4306,+4307;;;;;;;;;COT_24
4309;;TCKT_BC_63;C;^008/d/d1;;<CN;;;10;341;0102;^7001;;;;COT_24
4310;;TCKT_BC_63;N-C;^012|^013;;<CN;;;10;341;0102;^7001;;;;COT_24
4311;3087;TCKT_BC_63;;;;;+4309,+4310;;;;;;;;;COT_24
4312;;TCKT_BC_63;C;^008/d/d1;;<CN;;;10;341;0102;^6503|^6701|^6702|^6703|^6704|^7008;;;;COT_24
4313;;TCKT_BC_63;N-C;^012|^013;;<CN;;;10;341;0102;^6503|^6701|^6702|^6703|^6704|^7008;;;;COT_24
4314;3088;TCKT_BC_63;;;;;+4312,+4313;;;;;;;;;COT_24
4315;;TCKT_BC_63;C;^008/d/d1;;<CN;;;10;341;0102;^7767;;;;COT_24
4316;;TCKT_BC_63;N-C;^012|^013;;<CN;;;10;341;0102;^7767;;;;COT_24
4317;3090;TCKT_BC_63;;;;;+4315,+4316;;;;;;;;;COT_24
4318;;TCKT_BC_63;C;^008/d/d1;;<CN;;;10;341;0102;^6800;;;;COT_24
4319;;TCKT_BC_63;N-C;^012|^013;;<CN;;;10;341;0102;^6800;;;;COT_24
4320;3091;TCKT_BC_63;;;;;+4318,+4319;;;;;;;;;COT_24
4321;;TCKT_BC_63;C;^008/d/d1;;<CN;;;10;341;0102;^6752;;;;COT_24
4322;;TCKT_BC_63;N-C;^012|^013;;<CN;;;10;341;0102;^6752;;;;COT_24
4323;3092;TCKT_BC_63;;;;;+4321,+4322;;;;;;;;;COT_24
4324;;TCKT_BC_63;C;^008/d/d1;;<CN;;;10;341;0102;^7017;;;;COT_24
4325;;TCKT_BC_63;N-C;^012|^013;;<CN;;;10;341;0102;^7017;;;;COT_24
4326;3093;TCKT_BC_63;;;;;+4324,+4325;;;;;;;;;COT_24
4327;;TCKT_BC_63;C;^008/d/d1;;<CN;;;10;341;0102;;^704903|^704904;;;COT_24
4328;;TCKT_BC_63;N-C;^012|^013;;<CN;;;10;341;0102;;^704903|^704904;;;COT_24
4329;3094;TCKT_BC_63;;;;;+4327,+4328;;;;;;;;;COT_24
4330;;TCKT_BC_63;C;^008/d/d1;;<CN;;;10;341;0102;^7756;^704999|^704904;;;COT_24
4331;;TCKT_BC_63;N-C;^012|^013;;<CN;;;10;341;0102;^7756;^704999|^704904;;;COT_24
4332;3095;TCKT_BC_63;;;;;+4330,+4332;;;;;;;;;COT_24
4333;;TCKT_BC_63;C;^008/d/d1;;<CN;;;10;341;0102;^7004;;;;COT_24
4334;;TCKT_BC_63;N-C;^012|^013;;<CN;;;10;341;0102;^7004;;;;COT_24
4335;3096;TCKT_BC_63;;;;;+4333,+4334;;;;;;;;;COT_24
4336;;TCKT_BC_63;C;^008/d/d1;;<CN;;;10;341;0102;^7763;;;;COT_24
4337;;TCKT_BC_63;N-C;^012|^013;;<CN;;;10;341;0102;^7763;;;;COT_24
4338;3097;TCKT_BC_63;;;;;+4336,+4337;;;;;;;;;COT_24
4339;;TCKT_BC_63;C;^008/d/d1;;<CN;;;10;341;0102;^6758;;;;COT_24
4340;;TCKT_BC_63;N-C;^012|^013;;<CN;;;10;341;0102;^6758;;;;COT_24
4341;3098;TCKT_BC_63;;;;;+4339,+4340;;;;;;;;;COT_24
4342;;TCKT_BC_63;C;^008/d/d1;;<CN;;;10;341;0102;^6956;;;;COT_24
4343;;TCKT_BC_63;N-C;^012|^013;;<CN;;;10;341;0102;^6956;;;;COT_24
4344;3101;TCKT_BC_63;;;;;+4342,+4343;;;;;;;;;COT_24
4345;;TCKT_BC_63;C;^008/d/d1;;<CN;;;10;341;0102;^6912|^7053;;;;COT_24
4346;;TCKT_BC_63;N-C;^012|^013;;<CN;;;10;341;0102;^6912|^7053;;;;COT_24
4347;3102;TCKT_BC_63;;;;;+4345,+4346;;;;;;;;;COT_24
4348;;TCKT_BC_63;C;^008/d/d1;;<CN;;;10;341;0102;^6605;;;;COT_24
4349;;TCKT_BC_63;N-C;^012|^013;;<CN;;;10;341;0102;^6605;;;;COT_24
4350;3103;TCKT_BC_63;;;;;+4348,+4349;;;;;;;;;COT_24
4351;;TCKT_BC_63;C;^008/d/d1;;<CN;;;10;341;0102;^7054;;;;COT_24
4352;;TCKT_BC_63;N-C;^012|^013;;<CN;;;10;341;0102;^7054;;;;COT_24
4353;3104;TCKT_BC_63;;;;;+4351,+4352;;;;;;;;;COT_24
4354;;TCKT_BC_63;C;^008/d/d1;;<CN;;;10;341;0102;^6951|^6952|^6953;;;;COT_24
4355;;TCKT_BC_63;N-C;^012|^013;;<CN;;;10;341;0102;^6951|^6952|^6953;;;;COT_24
4356;3106;TCKT_BC_63;;;;;+4354,+4355;;;;;;;;;COT_24
4357;;TCKT_BC_63;C;^008/d/d1;;<CN;;;10;341;0102;;^695415;;;COT_24
4358;;TCKT_BC_63;N-C;^012|^013;;<CN;;;10;341;0102;;^695415;;;COT_24
4359;3107;TCKT_BC_63;;;;;+4357,+4358;;;;;;;;;COT_24
4360;;TCKT_BC_63;C;^008/d/d1;;<CN;;;10;341;0102;^6999;;;;COT_24
4361;;TCKT_BC_63;N-C;^012|^013;;<CN;;;10;341;0102;^6999;;;;COT_24
4362;3108;TCKT_BC_63;;;;;+4360,+4361;;;;;;;;;COT_24
4363;;TCKT_BC_63;C;^008/d/d1;;<CN;;;10;341;0102;;^695406;;;COT_24
4364;;TCKT_BC_63;N-C;^012|^013;;<CN;;;10;341;0102;;^695406;;;COT_24
4365;3109;TCKT_BC_63;;;;;+4363,+4364;;;;;;;;;COT_24
4366;;TCKT_BC_63;C;^008/d/d1;;<CN;;;10;341;0102;;^695405;;;COT_24
4367;;TCKT_BC_63;N-C;^012|^013;;<CN;;;10;341;0102;;^695405;;;COT_24
4368;3110;TCKT_BC_63;;;;;+4366,+4367;;;;;;;;;COT_24
4369;;TCKT_BC_63;C;^008/d/d1;;<CN;;;10;341;0102;;^695403;;;COT_24
4370;;TCKT_BC_63;N-C;^012|^013;;<CN;;;10;341;0102;;^695403;;;COT_24
4371;3111;TCKT_BC_63;;;;;+4369,+4370;;;;;;;;;COT_24
4372;;TCKT_BC_63;C;^008/d/d1;;<CN;;;10;341;0102;;^695401;;;COT_24
4373;;TCKT_BC_63;N-C;^012|^013;;<CN;;;10;341;0102;;^695401;;;COT_24
4374;3112;TCKT_BC_63;;;;;+4372,+4373;;;;;;;;;COT_24
4375;;TCKT_BC_63;C;^008/d/d1;;<CN;;;10;341;0102;;^695413;;;COT_24
4376;;TCKT_BC_63;N-C;^012|^013;;<CN;;;10;341;0102;;^695413;;;COT_24
4377;3113;TCKT_BC_63;;;;;+4375,+4376;;;;;;;;;COT_24
4378;;TCKT_BC_63;C;^008/d/d1;;<CN;;;10;341;0102;;^695407;;;COT_24
4379;;TCKT_BC_63;N-C;^012|^013;;<CN;;;10;341;0102;;^695407;;;COT_24
4380;3114;TCKT_BC_63;;;;;+4378,+4379;;;;;;;;;COT_24
4381;;TCKT_BC_63;C;^008/d/d1;;<CN;;;10;341;0102;;^695408|^695410|^695411|^695412;;;COT_24
4382;;TCKT_BC_63;N-C;^012|^013;;<CN;;;10;341;0102;;^695408|^695410|^695411|^695412;;;COT_24
4383;3115;TCKT_BC_63;;;;;+4381,+4382;;;;;;;;;COT_24
4384;;TCKT_BC_63;C;^008/d/d1;;<CN;;;10;341;0102;^6950NOT^6956;;;;COT_24
4385;;TCKT_BC_63;N-C;^012|^013;;<CN;;;10;341;0102;^6950NOT^6956;;;;COT_24
4386;3116;TCKT_BC_63;;;;;+4384,+4385,-4382,-4381,-4379,-4378,-4376,-4375,-4373,-4372,-4370,-4369,-4367,-4366,-4364,-4363,-4361,-4360,-4358,-4357,-4355,-4354;;;;;;;;;COT_24
4387;;TCKT_BC_63;C;^008/d/d1;;<CN;;;10;341;0102;^6901|^6902|^6903;;;;COT_24
4388;;TCKT_BC_63;N-C;^012|^013;;<CN;;;10;341;0102;^6901|^6902|^6903;;;;COT_24
4389;3118;TCKT_BC_63;;;;;+4387,+4388;;;;;;;;;COT_24
4390;;TCKT_BC_63;C;^008/d/d1;;<CN;;;10;341;0102;;^690501;;;COT_24
4391;;TCKT_BC_63;N-C;^012|^013;;<CN;;;10;341;0102;;^690501;;;COT_24
4392;3119;TCKT_BC_63;;;;;+4390,+4391;;;;;;;;;COT_24
4393;;TCKT_BC_63;C;^008/d/d1;;<CN;;;10;341;0102;;^690502;;;COT_24
4394;;TCKT_BC_63;N-C;^012|^013;;<CN;;;10;341;0102;;^690502;;;COT_24
4395;3120;TCKT_BC_63;;;;;+4393,+4394;;;;;;;;;COT_24
4396;;TCKT_BC_63;C;^008/d/d1;;<CN;;;10;341;0102;;^690505;;;COT_24
4397;;TCKT_BC_63;N-C;^012|^013;;<CN;;;10;341;0102;;^690505;;;COT_24
4398;3121;TCKT_BC_63;;;;;+4396,+4397;;;;;;;;;COT_24
4399;;TCKT_BC_63;C;^008/d/d1;;<CN;;;10;341;0102;;^690503;;;COT_24
4400;;TCKT_BC_63;N-C;^012|^013;;<CN;;;10;341;0102;;^690503;;;COT_24
4401;3122;TCKT_BC_63;;;;;+4399,+4400;;;;;;;;;COT_24
4402;;TCKT_BC_63;C;^008/d/d1;;<CN;;;10;341;0102;;^690506;;;COT_24
4403;;TCKT_BC_63;N-C;^012|^013;;<CN;;;10;341;0102;;^690506;;;COT_24
4404;3123;TCKT_BC_63;;;;;+4402,+4403;;;;;;;;;COT_24
4405;;TCKT_BC_63;C;^008/d/d1;;<CN;;;10;341;0102;;^690513;;;COT_24
4406;;TCKT_BC_63;N-C;^012|^013;;<CN;;;10;341;0102;;^690513;;;COT_24
4407;3124;TCKT_BC_63;;;;;+4405,+4406;;;;;;;;;COT_24
4408;;TCKT_BC_63;C;^008/d/d1;;<CN;;;10;341;0102;;^690507;;;COT_24
4409;;TCKT_BC_63;N-C;^012|^013;;<CN;;;10;341;0102;;^690507;;;COT_24
4410;3125;TCKT_BC_63;;;;;+4408,+4409;;;;;;;;;COT_24
4411;;TCKT_BC_63;C;^008/d/d1;;<CN;;;10;341;0102;;^690510;;;COT_24
4412;;TCKT_BC_63;N-C;^012|^013;;<CN;;;10;341;0102;;^690510;;;COT_24
4413;3126;TCKT_BC_63;;;;;+4411,+4412;;;;;;;;;COT_24
4414;;TCKT_BC_63;C;^008/d/d1;;<CN;;;10;341;0102;;^691308;;;COT_24
4415;;TCKT_BC_63;N-C;^012|^013;;<CN;;;10;341;0102;;^691308;;;COT_24
4416;3128;TCKT_BC_63;;;;;+4414,+4415;;;;;;;;;COT_24
4417;;TCKT_BC_63;C;^008/d/d1;;<CN;;;10;341;0102;;^690504;;;COT_24
4418;;TCKT_BC_63;N-C;^012|^013;;<CN;;;10;341;0102;;^690504;;;COT_24
4419;3129;TCKT_BC_63;;;;;+4417,+4418;;;;;;;;;COT_24
4420;;TCKT_BC_63;C;^008/d/d1;;<CN;;;10;341;0102;;^691309;;;COT_24
4421;;TCKT_BC_63;N-C;^012|^013;;<CN;;;10;341;0102;;^691309;;;COT_24
4422;3130;TCKT_BC_63;;;;;+4420,+4421;;;;;;;;;COT_24
4423;;TCKT_BC_63;C;^008/d/d1;;<CN;;;10;341;0102;^6900NOT^6912;;;;COT_24
4424;;TCKT_BC_63;N-C;^012|^013;;<CN;;;10;341;0102;^6900NOT^6912;;;;COT_24
4425;3131;TCKT_BC_63;;;;;+4423,+4424,-4387,-4388,-4390,-4391,-4393,-4394,-4396,-4397,-4399,-4400,-4402,-4403,-4405,-4406,-4408,-4409,-4411,-4412,-4414,-4415,-4417,-4418,-4420,-4421;;;;;;;;;COT_24
4426;;TCKT_BC_63;C;^008/d/d1;;<CN;;;10;341;;;;^02010000;;COT_24
4427;;TCKT_BC_63;N-C;^012|^013;;<CN;;;10;341;;;;^02010000;;COT_24
4428;3132;TCKT_BC_63;;;;;+4426,+4427;;;;;;;;;COT_24
4429;;TCKT_BC_63;C;^008/d/d1;;<CN;;;10;341;;;;^02020000;;COT_24
4430;;TCKT_BC_63;N-C;^012|^013;;<CN;;;10;341;;;;^02020000;;COT_24
4431;3133;TCKT_BC_63;;;;;+4429,+4430;;;;;;;;;COT_24
4432;;TCKT_BC_63;N;^111;^3371;<CN;;;10;341;0101;;;;;COT_25
4433;;TCKT_BC_63;C;^111;^611;<CN;;;10;341;0101;;;;;COT_25
4434;3081;TCKT_BC_63;;;;;+4432,+4433;;;;;;;;;COT_25
4435;;TCKT_BC_63;N;^111;^3371;<CN;;;10;341;0102;;;;;COT_25
4436;;TCKT_BC_63;C;^111;^611;<CN;;;10;341;0102;;;;;COT_25
4437;3082;TCKT_BC_63;;;;;+4435,+4436;;;;;;;;;COT_25
4438;;TCKT_BC_63;N;^111;^3371;<CN;;;10;341;0102;^6105;;;;COT_25
4439;;TCKT_BC_63;C;^111;^611;<CN;;;10;341;0102;^6105;;;;COT_25
4440;3083;TCKT_BC_63;;;;;+4438,+4439;;;;;;;;;COT_25
4441;;TCKT_BC_63;N;^111;^3371;<CN;;;10;341;0102;^6253;;;;COT_25
4442;;TCKT_BC_63;C;^111;^611;<CN;;;10;341;0102;^6253;;;;COT_25
4443;3084;TCKT_BC_63;;;;;+4441,+4442;;;;;;;;;COT_25
4444;;TCKT_BC_63;N;^111;^3371;<CN;;;10;341;0102;^6503;;;;COT_25
4445;;TCKT_BC_63;C;^111;^611;<CN;;;10;341;0102;^6503;;;;COT_25
4446;3085;TCKT_BC_63;;;;;+4444,+4445;;;;;;;;;COT_25
4447;;TCKT_BC_63;N;^111;^3371;<CN;;;10;341;0102;^7757;;;;COT_25
4448;;TCKT_BC_63;C;^111;^611;<CN;;;10;341;0102;^7757;;;;COT_25
4449;3086;TCKT_BC_63;;;;;+4447,+4448;;;;;;;;;COT_25
4450;;TCKT_BC_63;N;^111;^3371;<CN;;;10;341;0102;^7001;;;;COT_25
4451;;TCKT_BC_63;C;^111;^611;<CN;;;10;341;0102;^7001;;;;COT_25
4452;3087;TCKT_BC_63;;;;;+4450,+4451;;;;;;;;;COT_25
4453;;TCKT_BC_63;N;^111;^3371;<CN;;;10;341;0102;^6503|^6701|^6702|^6703|^6704|^7008;;;;COT_25
4454;;TCKT_BC_63;C;^111;^611;<CN;;;10;341;0102;^6503|^6701|^6702|^6703|^6704|^7008;;;;COT_25
4455;3088;TCKT_BC_63;;;;;+4453,+4454;;;;;;;;;COT_25
4456;;TCKT_BC_63;N;^111;^3371;<CN;;;10;341;0102;^7767;;;;COT_25
4457;;TCKT_BC_63;C;^111;^611;<CN;;;10;341;0102;^7767;;;;COT_25
4458;3090;TCKT_BC_63;;;;;+4456,+4457;;;;;;;;;COT_25
4459;;TCKT_BC_63;N;^111;^3371;<CN;;;10;341;0102;^6800;;;;COT_25
4460;;TCKT_BC_63;C;^111;^611;<CN;;;10;341;0102;^6800;;;;COT_25
4461;3091;TCKT_BC_63;;;;;+4459,+4460;;;;;;;;;COT_25
4462;;TCKT_BC_63;N;^111;^3371;<CN;;;10;341;0102;^6752;;;;COT_25
4463;;TCKT_BC_63;C;^111;^611;<CN;;;10;341;0102;^6752;;;;COT_25
4464;3092;TCKT_BC_63;;;;;+4462,+4463;;;;;;;;;COT_25
4465;;TCKT_BC_63;N;^111;^3371;<CN;;;10;341;0102;^7017;;;;COT_25
4466;;TCKT_BC_63;C;^111;^611;<CN;;;10;341;0102;^7017;;;;COT_25
4467;3093;TCKT_BC_63;;;;;+4465,+4466;;;;;;;;;COT_25
4468;;TCKT_BC_63;N;^111;^3371;<CN;;;10;341;0102;;^704903|^704904;;;COT_25
4469;;TCKT_BC_63;C;^111;^611;<CN;;;10;341;0102;;^704903|^704904;;;COT_25
4470;3094;TCKT_BC_63;;;;;+4468,+4469;;;;;;;;;COT_25
4471;;TCKT_BC_63;N;^111;^3371;<CN;;;10;341;0102;^7756;^704999|^704904;;;COT_25
4472;;TCKT_BC_63;C;^111;^611;<CN;;;10;341;0102;^7756;^704999|^704904;;;COT_25
4473;3095;TCKT_BC_63;;;;;+4471,+4472;;;;;;;;;COT_25
4474;;TCKT_BC_63;N;^111;^3371;<CN;;;10;341;0102;^7004;;;;COT_25
4475;;TCKT_BC_63;C;^111;^611;<CN;;;10;341;0102;^7004;;;;COT_25
4476;3096;TCKT_BC_63;;;;;+4474,+4475;;;;;;;;;COT_25
4477;;TCKT_BC_63;N;^111;^3371;<CN;;;10;341;0102;^7763;;;;COT_25
4478;;TCKT_BC_63;C;^111;^611;<CN;;;10;341;0102;^7763;;;;COT_25
4479;3097;TCKT_BC_63;;;;;+4477,+4478;;;;;;;;;COT_25
4480;;TCKT_BC_63;N;^111;^3371;<CN;;;10;341;0102;^6758;;;;COT_25
4481;;TCKT_BC_63;C;^111;^611;<CN;;;10;341;0102;^6758;;;;COT_25
4482;3098;TCKT_BC_63;;;;;+4480,+4481;;;;;;;;;COT_25
4483;;TCKT_BC_63;N;^111;^3371;<CN;;;10;341;0102;^6956;;;;COT_25
4484;;TCKT_BC_63;C;^111;^611;<CN;;;10;341;0102;^6956;;;;COT_25
4485;3101;TCKT_BC_63;;;;;+4483,+4484;;;;;;;;;COT_25
4486;;TCKT_BC_63;N;^111;^3371;<CN;;;10;341;0102;^6912|^7053;;;;COT_25
4487;;TCKT_BC_63;C;^111;^611;<CN;;;10;341;0102;^6912|^7053;;;;COT_25
4488;3102;TCKT_BC_63;;;;;+4486,+4487;;;;;;;;;COT_25
4489;;TCKT_BC_63;N;^111;^3371;<CN;;;10;341;0102;^6605;;;;COT_25
4490;;TCKT_BC_63;C;^111;^611;<CN;;;10;341;0102;^6605;;;;COT_25
4491;3103;TCKT_BC_63;;;;;+4490,+4489;;;;;;;;;COT_25
4492;;TCKT_BC_63;N;^111;^3371;<CN;;;10;341;0102;^7054;;;;COT_25
4493;;TCKT_BC_63;C;^111;^611;<CN;;;10;341;0102;^7054;;;;COT_25
4494;3104;TCKT_BC_63;;;;;+4492,+4493;;;;;;;;;COT_25
4495;;TCKT_BC_63;N;^111;^3371;<CN;;;10;341;0102;^6951|^6952|^6953;;;;COT_25
4496;;TCKT_BC_63;C;^111;^611;<CN;;;10;341;0102;^6951|^6952|^6953;;;;COT_25
4497;3106;TCKT_BC_63;;;;;+4495,+4496;;;;;;;;;COT_25
4498;;TCKT_BC_63;N;^111;^3371;<CN;;;10;341;0102;;^695415;;;COT_25
4499;;TCKT_BC_63;C;^111;^611;<CN;;;10;341;0102;;^695415;;;COT_25
4500;3107;TCKT_BC_63;;;;;+4498,+4499;;;;;;;;;COT_25
4501;;TCKT_BC_63;N;^111;^3371;<CN;;;10;341;0102;^6999;;;;COT_25
4502;;TCKT_BC_63;C;^111;^611;<CN;;;10;341;0102;^6999;;;;COT_25
4503;3108;TCKT_BC_63;;;;;+4501,+4502;;;;;;;;;COT_25
4504;;TCKT_BC_63;N;^111;^3371;<CN;;;10;341;0102;;^695406;;;COT_25
4505;;TCKT_BC_63;C;^111;^611;<CN;;;10;341;0102;;^695406;;;COT_25
4506;3109;TCKT_BC_63;;;;;+4504,+4505;;;;;;;;;COT_25
4507;;TCKT_BC_63;N;^111;^3371;<CN;;;10;341;0102;;^695405;;;COT_25
4508;;TCKT_BC_63;C;^111;^611;<CN;;;10;341;0102;;^695405;;;COT_25
4509;3110;TCKT_BC_63;;;;;+4507,+4508;;;;;;;;;COT_25
4510;;TCKT_BC_63;N;^111;^3371;<CN;;;10;341;0102;;^695403;;;COT_25
4511;;TCKT_BC_63;C;^111;^611;<CN;;;10;341;0102;;^695403;;;COT_25
4512;3111;TCKT_BC_63;;;;;+4510,+4511;;;;;;;;;COT_25
4513;;TCKT_BC_63;N;^111;^3371;<CN;;;10;341;0102;;^695401;;;COT_25
4514;;TCKT_BC_63;C;^111;^611;<CN;;;10;341;0102;;^695401;;;COT_25
4515;3112;TCKT_BC_63;;;;;+4513,+4514;;;;;;;;;COT_25
4516;;TCKT_BC_63;N;^111;^3371;<CN;;;10;341;0102;;^695413;;;COT_25
4517;;TCKT_BC_63;C;^111;^611;<CN;;;10;341;0102;;^695413;;;COT_25
4518;3113;TCKT_BC_63;;;;;+4516,+4517;;;;;;;;;COT_25
4519;;TCKT_BC_63;N;^111;^3371;<CN;;;10;341;0102;;^695407;;;COT_25
4520;;TCKT_BC_63;C;^111;^611;<CN;;;10;341;0102;;^695407;;;COT_25
4521;3114;TCKT_BC_63;;;;;+4519,+4520;;;;;;;;;COT_25
4522;;TCKT_BC_63;N;^111;^3371;<CN;;;10;341;0102;;^695408|^695410|^695411|^695412;;;COT_25
4523;;TCKT_BC_63;C;^111;^611;<CN;;;10;341;0102;;^695408|^695410|^695411|^695412;;;COT_25
4524;3115;TCKT_BC_63;;;;;+4522,+4523;;;;;;;;;COT_25
4525;;TCKT_BC_63;N;^111;^3371;<CN;;;10;341;0102;^6950NOT^6956;;;;COT_25
4526;;TCKT_BC_63;C;^111;^611;<CN;;;10;341;0102;^6950NOT^6956;;;;COT_25
4527;3116;TCKT_BC_63;;;;;+4525,+4526,-4495,-4496,-4498,-4499,-4501,-4502,-4504,-4505,-4507,-4508,-4510,-4511,-4513,-4514,-4516,-4517,-4519,-4520,-4522,-4523;;;;;;;;;COT_25
4528;;TCKT_BC_63;N;^111;^3371;<CN;;;10;341;0102;^6901|^6902|^6903;;;;COT_25
4529;;TCKT_BC_63;C;^111;^611;<CN;;;10;341;0102;^6901|^6902|^6903;;;;COT_25
4530;3118;TCKT_BC_63;;;;;+4528,+4529;;;;;;;;;COT_25
4531;;TCKT_BC_63;N;^111;^3371;<CN;;;10;341;0102;;^690501;;;COT_25
4532;;TCKT_BC_63;C;^111;^611;<CN;;;10;341;0102;;^690501;;;COT_25
4533;3119;TCKT_BC_63;;;;;+4531,+4532;;;;;;;;;COT_25
4534;;TCKT_BC_63;N;^111;^3371;<CN;;;10;341;0102;;^690502;;;COT_25
4535;;TCKT_BC_63;C;^111;^611;<CN;;;10;341;0102;;^690502;;;COT_25
4536;3120;TCKT_BC_63;;;;;+4534,+4535;;;;;;;;;COT_25
4537;;TCKT_BC_63;N;^111;^3371;<CN;;;10;341;0102;;^690505;;;COT_25
4538;;TCKT_BC_63;C;^111;^611;<CN;;;10;341;0102;;^690505;;;COT_25
4539;3121;TCKT_BC_63;;;;;+4537,+4538;;;;;;;;;COT_25
4540;;TCKT_BC_63;N;^111;^3371;<CN;;;10;341;0102;;^690503;;;COT_25
4541;;TCKT_BC_63;C;^111;^611;<CN;;;10;341;0102;;^690503;;;COT_25
4542;3122;TCKT_BC_63;;;;;+4540,+4541;;;;;;;;;COT_25
4543;;TCKT_BC_63;N;^111;^3371;<CN;;;10;341;0102;;^690506;;;COT_25
4544;;TCKT_BC_63;C;^111;^611;<CN;;;10;341;0102;;^690506;;;COT_25
4545;3123;TCKT_BC_63;;;;;+4543,+4544;;;;;;;;;COT_25
4546;;TCKT_BC_63;N;^111;^3371;<CN;;;10;341;0102;;^690513;;;COT_25
4547;;TCKT_BC_63;C;^111;^611;<CN;;;10;341;0102;;^690513;;;COT_25
4548;3124;TCKT_BC_63;;;;;+4546,+4547;;;;;;;;;COT_25
4549;;TCKT_BC_63;N;^111;^3371;<CN;;;10;341;0102;;^690507;;;COT_25
4550;;TCKT_BC_63;C;^111;^611;<CN;;;10;341;0102;;^690507;;;COT_25
4551;3125;TCKT_BC_63;;;;;+4549,+4550;;;;;;;;;COT_25
4552;;TCKT_BC_63;N;^111;^3371;<CN;;;10;341;0102;;^690510;;;COT_25
4553;;TCKT_BC_63;C;^111;^611;<CN;;;10;341;0102;;^690510;;;COT_25
4554;3126;TCKT_BC_63;;;;;+4552,+4553;;;;;;;;;COT_25
4555;;TCKT_BC_63;N;^111;^3371;<CN;;;10;341;0102;;^691308;;;COT_25
4556;;TCKT_BC_63;C;^111;^611;<CN;;;10;341;0102;;^691308;;;COT_25
4557;3128;TCKT_BC_63;;;;;+4555,+4556;;;;;;;;;COT_25
4558;;TCKT_BC_63;N;^111;^3371;<CN;;;10;341;0102;;^690504;;;COT_25
4559;;TCKT_BC_63;C;^111;^611;<CN;;;10;341;0102;;^690504;;;COT_25
4560;3129;TCKT_BC_63;;;;;+4558,+4559;;;;;;;;;COT_25
4561;;TCKT_BC_63;N;^111;^3371;<CN;;;10;341;0102;;^691309;;;COT_25
4562;;TCKT_BC_63;C;^111;^611;<CN;;;10;341;0102;;^691309;;;COT_25
4563;3130;TCKT_BC_63;;;;;+4561,+4562;;;;;;;;;COT_25
4564;;TCKT_BC_63;N;^111;^3371;<CN;;;10;341;0102;^6900NOT^6912;;;;COT_25
4565;;TCKT_BC_63;C;^111;^611;<CN;;;10;341;0102;^6900NOT^6912;;;;COT_25
4566;3131;TCKT_BC_63;;;;;"+4564,+4565,-4528,-4529,-4531,-4532,-4534,-4535,-4537,-4538,-4540,-4541,-4543,-4544,-4546,-4547,-4549,-4550,-4552,-4553,-4555,-4556,-4558,-4559,-4561,-4562
";;;;;;;;;COT_25
4567;;TCKT_BC_63;N;^111;^3371;<CN;;;10;341;;;;^02010000;;COT_25
4568;;TCKT_BC_63;C;^111;^611;<CN;;;10;341;;;;^02010000;;COT_25
4569;3132;TCKT_BC_63;;;;;+4567,+4568;;;;;;;;;COT_25
4570;;TCKT_BC_63;N;^111;^3371;<CN;;;10;341;;;;^02020000;;COT_25
4571;;TCKT_BC_63;C;^111;^611;<CN;;;10;341;;;;^02020000;;COT_25
4572;3133;TCKT_BC_63;;;;;+4570,+4571;;;;;;;;;COT_25
4573;;TCKT_BC_63;N;^112;^3371;<CN;;;10;341;0101;;;;;COT_26
4574;;TCKT_BC_63;C;^112;^611;<CN;;;10;341;0101;;;;;COT_26
4575;3081;TCKT_BC_63;;;;;+4573,-4574;;;;;;;;;COT_26
4576;;TCKT_BC_63;N;^112;^3371;<CN;;;10;341;0102;;;;;COT_26
4577;;TCKT_BC_63;C;^112;^611;<CN;;;10;341;0102;;;;;COT_26
4578;3082;TCKT_BC_63;;;;;+4577,-4576;;;;;;;;;COT_26
4579;;TCKT_BC_63;N;^112;^3371;<CN;;;10;341;0102;^6105;;;;COT_26
4580;;TCKT_BC_63;C;^112;^611;<CN;;;10;341;0102;^6105;;;;COT_26
4581;3083;TCKT_BC_63;;;;;+4580,-4579;;;;;;;;;COT_26
4582;;TCKT_BC_63;N;^112;^3371;<CN;;;10;341;0102;^6253;;;;COT_26
4583;;TCKT_BC_63;C;^112;^611;<CN;;;10;341;0102;^6253;;;;COT_26
4584;3084;TCKT_BC_63;;;;;+4582,-4583;;;;;;;;;COT_26
4585;;TCKT_BC_63;N;^112;^3371;<CN;;;10;341;0102;^6503;;;;COT_26
4586;;TCKT_BC_63;C;^112;^611;<CN;;;10;341;0102;^6503;;;;COT_26
4587;3085;TCKT_BC_63;;;;;+4585,-4586;;;;;;;;;COT_26
4588;;TCKT_BC_63;N;^112;^3371;<CN;;;10;341;0102;^7757;;;;COT_26
4589;;TCKT_BC_63;C;^112;^611;<CN;;;10;341;0102;^7757;;;;COT_26
4590;3086;TCKT_BC_63;;;;;+4588,-4589;;;;;;;;;COT_26
4591;;TCKT_BC_63;N;^112;^3371;<CN;;;10;341;0102;^7001;;;;COT_26
4592;;TCKT_BC_63;C;^112;^611;<CN;;;10;341;0102;^7001;;;;COT_26
4593;3087;TCKT_BC_63;;;;;+4591,-4592;;;;;;;;;COT_26
4594;;TCKT_BC_63;N;^112;^3371;<CN;;;10;341;0102;^6503|^6701|^6702|^6703|^6704|^7008;;;;COT_26
4595;;TCKT_BC_63;C;^112;^611;<CN;;;10;341;0102;^6503|^6701|^6702|^6703|^6704|^7008;;;;COT_26
4596;3088;TCKT_BC_63;;;;;+4594,-4595;;;;;;;;;COT_26
4597;;TCKT_BC_63;N;^112;^3371;<CN;;;10;341;0102;^7767;;;;COT_26
4598;;TCKT_BC_63;C;^112;^611;<CN;;;10;341;0102;^7767;;;;COT_26
4599;3090;TCKT_BC_63;;;;;+4597,-4598;;;;;;;;;COT_26
4600;;TCKT_BC_63;N;^112;^3371;<CN;;;10;341;0102;^6800;;;;COT_26
4601;;TCKT_BC_63;C;^112;^611;<CN;;;10;341;0102;^6800;;;;COT_26
4602;3091;TCKT_BC_63;;;;;+4600,-4601;;;;;;;;;COT_26
4603;;TCKT_BC_63;N;^112;^3371;<CN;;;10;341;0102;^6752;;;;COT_26
4604;;TCKT_BC_63;C;^112;^611;<CN;;;10;341;0102;^6752;;;;COT_26
4605;3092;TCKT_BC_63;;;;;+4603,-4604;;;;;;;;;COT_26
4606;;TCKT_BC_63;N;^112;^3371;<CN;;;10;341;0102;^7017;;;;COT_26
4607;;TCKT_BC_63;C;^112;^611;<CN;;;10;341;0102;^7017;;;;COT_26
4608;3093;TCKT_BC_63;;;;;+4606,-4607;;;;;;;;;COT_26
4609;;TCKT_BC_63;N;^112;^3371;<CN;;;10;341;0102;;^704903|^704904;;;COT_26
4610;;TCKT_BC_63;C;^112;^611;<CN;;;10;341;0102;;^704903|^704904;;;COT_26
4611;3094;TCKT_BC_63;;;;;+4609,-4610;;;;;;;;;COT_26
4612;;TCKT_BC_63;N;^112;^3371;<CN;;;10;341;0102;^7756;^704999|^704904;;;COT_26
4613;;TCKT_BC_63;C;^112;^611;<CN;;;10;341;0102;^7756;^704999|^704904;;;COT_26
4614;3095;TCKT_BC_63;;;;;+4612,-4613;;;;;;;;;COT_26
4615;;TCKT_BC_63;N;^112;^3371;<CN;;;10;341;0102;^7004;;;;COT_26
4616;;TCKT_BC_63;C;^112;^611;<CN;;;10;341;0102;^7004;;;;COT_26
4617;3096;TCKT_BC_63;;;;;+4615,-4616;;;;;;;;;COT_26
4618;;TCKT_BC_63;N;^112;^3371;<CN;;;10;341;0102;^7763;;;;COT_26
4619;;TCKT_BC_63;C;^112;^611;<CN;;;10;341;0102;^7763;;;;COT_26
4620;3097;TCKT_BC_63;;;;;+4618,-4619;;;;;;;;;COT_26
4621;;TCKT_BC_63;N;^112;^3371;<CN;;;10;341;0102;^6758;;;;COT_26
4622;;TCKT_BC_63;C;^112;^611;<CN;;;10;341;0102;^6758;;;;COT_26
4623;3098;TCKT_BC_63;;;;;+4621,-4622;;;;;;;;;COT_26
4624;;TCKT_BC_63;N;^112;^3371;<CN;;;10;341;0102;^6956;;;;COT_26
4625;;TCKT_BC_63;C;^112;^611;<CN;;;10;341;0102;^6956;;;;COT_26
4626;3101;TCKT_BC_63;;;;;+4624,-4625;;;;;;;;;COT_26
4627;;TCKT_BC_63;N;^112;^3371;<CN;;;10;341;0102;^6912|^7053;;;;COT_26
4628;;TCKT_BC_63;C;^112;^611;<CN;;;10;341;0102;^6912|^7053;;;;COT_26
4629;3102;TCKT_BC_63;;;;;+4626,-4627;;;;;;;;;COT_26
4630;;TCKT_BC_63;N;^112;^3371;<CN;;;10;341;0102;^6605;;;;COT_26
4631;;TCKT_BC_63;C;^112;^611;<CN;;;10;341;0102;^6605;;;;COT_26
4632;3103;TCKT_BC_63;;;;;+4631,-4630;;;;;;;;;COT_26
4633;;TCKT_BC_63;N;^112;^3371;<CN;;;10;341;0102;^7054;;;;COT_26
4634;;TCKT_BC_63;C;^112;^611;<CN;;;10;341;0102;^7054;;;;COT_26
4635;3104;TCKT_BC_63;;;;;+4634,-4633;;;;;;;;;COT_26
4636;;TCKT_BC_63;N;^112;^3371;<CN;;;10;341;0102;^6951|^6952|^6953;;;;COT_26
4637;;TCKT_BC_63;C;^112;^611;<CN;;;10;341;0102;^6951|^6952|^6953;;;;COT_26
4638;3106;TCKT_BC_63;;;;;+4637,-4637;;;;;;;;;COT_26
4639;;TCKT_BC_63;N;^112;^3371;<CN;;;10;341;0102;;^695415;;;COT_26
4640;;TCKT_BC_63;C;^112;^611;<CN;;;10;341;0102;;^695415;;;COT_26
4641;3107;TCKT_BC_63;;;;;+4640,-4639;;;;;;;;;COT_26
4642;;TCKT_BC_63;N;^112;^3371;<CN;;;10;341;0102;^6999;;;;COT_26
4643;;TCKT_BC_63;C;^112;^611;<CN;;;10;341;0102;^6999;;;;COT_26
4644;3108;TCKT_BC_63;;;;;+4643,-4642;;;;;;;;;COT_26
4645;;TCKT_BC_63;N;^112;^3371;<CN;;;10;341;0102;;^695406;;;COT_26
4646;;TCKT_BC_63;C;^112;^611;<CN;;;10;341;0102;;^695406;;;COT_26
4647;3109;TCKT_BC_63;;;;;+4646,-4645;;;;;;;;;COT_26
4648;;TCKT_BC_63;N;^112;^3371;<CN;;;10;341;0102;;^695405;;;COT_26
4649;;TCKT_BC_63;C;^112;^611;<CN;;;10;341;0102;;^695405;;;COT_26
4650;3110;TCKT_BC_63;;;;;+4649,-4648;;;;;;;;;COT_26
4651;;TCKT_BC_63;N;^112;^3371;<CN;;;10;341;0102;;^695403;;;COT_26
4652;;TCKT_BC_63;C;^112;^611;<CN;;;10;341;0102;;^695403;;;COT_26
4653;3111;TCKT_BC_63;;;;;+4652,-4651;;;;;;;;;COT_26
4654;;TCKT_BC_63;N;^112;^3371;<CN;;;10;341;0102;;^695401;;;COT_26
4655;;TCKT_BC_63;C;^112;^611;<CN;;;10;341;0102;;^695401;;;COT_26
4656;3112;TCKT_BC_63;;;;;+4654,-4655;;;;;;;;;COT_26
4657;;TCKT_BC_63;N;^112;^3371;<CN;;;10;341;0102;;^695413;;;COT_26
4658;;TCKT_BC_63;C;^112;^611;<CN;;;10;341;0102;;^695413;;;COT_26
4659;3113;TCKT_BC_63;;;;;+4658,-4657;;;;;;;;;COT_26
4660;;TCKT_BC_63;N;^112;^3371;<CN;;;10;341;0102;;^695407;;;COT_26
4661;;TCKT_BC_63;C;^112;^611;<CN;;;10;341;0102;;^695407;;;COT_26
4662;3114;TCKT_BC_63;;;;;+4661,-4660;;;;;;;;;COT_26
4663;;TCKT_BC_63;N;^112;^3371;<CN;;;10;341;0102;;^695408|^695410|^695411|^695412;;;COT_26
4664;;TCKT_BC_63;C;^112;^611;<CN;;;10;341;0102;;^695408|^695410|^695411|^695412;;;COT_26
4665;3115;TCKT_BC_63;;;;;+4664,-4663;;;;;;;;;COT_26
4666;;TCKT_BC_63;N;^112;^3371;<CN;;;10;341;0102;^6950NOT^6956;;;;COT_26
4667;;TCKT_BC_63;C;^112;^611;<CN;;;10;341;0102;^6950NOT^6956;;;;COT_26
4668;3116;TCKT_BC_63;;;;;+4667,+4666,-4637,-4636,-4640,-4639,-4643,-4642,-4646,-4645,-4649,-4648,-4652,-4652,-4655,-4654,-4658,-4657,-4661,-4660,-4664,-4663;;;;;;;;;COT_26
4669;;TCKT_BC_63;N;^112;^3371;<CN;;;10;341;0102;^6901|^6902|^6903;;;;COT_26
4670;;TCKT_BC_63;C;^112;^611;<CN;;;10;341;0102;^6901|^6902|^6903;;;;COT_26
4671;3118;TCKT_BC_63;;;;;+4670,-4669;;;;;;;;;COT_26
4672;;TCKT_BC_63;N;^112;^3371;<CN;;;10;341;0102;;^690501;;;COT_26
4673;;TCKT_BC_63;C;^112;^611;<CN;;;10;341;0102;;^690501;;;COT_26
4674;3119;TCKT_BC_63;;;;;+4673,-4672;;;;;;;;;COT_26
4675;;TCKT_BC_63;N;^112;^3371;<CN;;;10;341;0102;;^690502;;;COT_26
4676;;TCKT_BC_63;C;^112;^611;<CN;;;10;341;0102;;^690502;;;COT_26
4677;3120;TCKT_BC_63;;;;;+4676,-4675;;;;;;;;;COT_26
4678;;TCKT_BC_63;N;^112;^3371;<CN;;;10;341;0102;;^690505;;;COT_26
4679;;TCKT_BC_63;C;^112;^611;<CN;;;10;341;0102;;^690505;;;COT_26
4680;3121;TCKT_BC_63;;;;;+4679,-4678;;;;;;;;;COT_26
4681;;TCKT_BC_63;N;^112;^3371;<CN;;;10;341;0102;;^690503;;;COT_26
4682;;TCKT_BC_63;C;^112;^611;<CN;;;10;341;0102;;^690503;;;COT_26
4683;3122;TCKT_BC_63;;;;;+4682,-4681;;;;;;;;;COT_26
4684;;TCKT_BC_63;N;^112;^3371;<CN;;;10;341;0102;;^690506;;;COT_26
4685;;TCKT_BC_63;C;^112;^611;<CN;;;10;341;0102;;^690506;;;COT_26
4686;3123;TCKT_BC_63;;;;;+4685,-4684;;;;;;;;;COT_26
4687;;TCKT_BC_63;N;^112;^3371;<CN;;;10;341;0102;;^690513;;;COT_26
4688;;TCKT_BC_63;C;^112;^611;<CN;;;10;341;0102;;^690513;;;COT_26
4689;3124;TCKT_BC_63;;;;;+4688,-4687;;;;;;;;;COT_26
4690;;TCKT_BC_63;N;^112;^3371;<CN;;;10;341;0102;;^690507;;;COT_26
4691;;TCKT_BC_63;C;^112;^611;<CN;;;10;341;0102;;^690507;;;COT_26
4692;3125;TCKT_BC_63;;;;;+4691,-4690;;;;;;;;;COT_26
4693;;TCKT_BC_63;N;^112;^3371;<CN;;;10;341;0102;;^690510;;;COT_26
4694;;TCKT_BC_63;C;^112;^611;<CN;;;10;341;0102;;^690510;;;COT_26
4695;3126;TCKT_BC_63;;;;;+4694,-4693;;;;;;;;;COT_26
4696;;TCKT_BC_63;N;^112;^3371;<CN;;;10;341;0102;;^691308;;;COT_26
4697;;TCKT_BC_63;C;^112;^611;<CN;;;10;341;0102;;^691308;;;COT_26
4698;3128;TCKT_BC_63;;;;;+4697,-4696;;;;;;;;;COT_26
4699;;TCKT_BC_63;N;^112;^3371;<CN;;;10;341;0102;;^690504;;;COT_26
4700;;TCKT_BC_63;C;^112;^611;<CN;;;10;341;0102;;^690504;;;COT_26
4701;3129;TCKT_BC_63;;;;;+4700,-4699;;;;;;;;;COT_26
4702;;TCKT_BC_63;N;^112;^3371;<CN;;;10;341;0102;;^691309;;;COT_26
4703;;TCKT_BC_63;C;^112;^611;<CN;;;10;341;0102;;^691309;;;COT_26
4704;3130;TCKT_BC_63;;;;;+4703,-4702;;;;;;;;;COT_26
4705;;TCKT_BC_63;N;^112;^3371;<CN;;;10;341;0102;^6900NOT^6912;;;;COT_26
4706;;TCKT_BC_63;C;^112;^611;<CN;;;10;341;0102;^6900NOT^6912;;;;COT_26
4707;3131;TCKT_BC_63;;;;;+4706,+4705,-4670,-4669,-4673,-4672,-4676,-4675,-4679,-4678,-4682,-4681,-4685,-4684,-4688,-4687,-4691,-4690,-4694,-4693,-4697,-4696,-4700,-4699,-4703,-4702;;;;;;;;;COT_26
4708;;TCKT_BC_63;N;^112;^3371;<CN;;;10;341;;;;^02010000;;COT_26
4709;;TCKT_BC_63;C;^112;^611;<CN;;;10;341;;;;^02010000;;COT_26
4710;3132;TCKT_BC_63;;;;;+4709,-4708;;;;;;;;;COT_26
4711;;TCKT_BC_63;N;^112;^3371;<CN;;;10;341;;;;^02020000;;COT_26
4712;;TCKT_BC_63;C;^112;^611;<CN;;;10;341;;;;^02020000;;COT_26
4713;3133;TCKT_BC_63;;;;;+4712,-4711;;;;;;;;;COT_26
